{"cid": "UgwyZMKxGF03LzqTi0d4AaABAg", "text": "FIFA: SIMPS", "time": "3Í∞úÏõî Ï†Ñ", "author": "ItzKyo", "channel": "UCbMNP1aqD4MTU3y3oD1Hvsg", "votes": "0", "photo": "https://yt3.ggpht.com/ytc/AAUvwnhYgxZ2NKelbdwo-1KFtZn4q6kuczVVLnyf2Y3i8A=s176-c-k-c0x00ffffff-no-rj", "heart": false}
{"cid": "UgwxBcCoJ3cxJ0zLN0p4AaABAg", "text": "If men score this: üòê\nWomen:üòçüòçüòçüò±üò±üò±", "time": "3Í∞úÏõî Ï†Ñ", "author": "Yellow poodle", "channel": "UCW71XBpDsUBDx2mwIb1TvjA", "votes": "4", "photo": "https://yt3.ggpht.com/ytc/AAUvwnj2cAZRVd4xHJBouK05xgAJSP9AiYm0jt4S4osg=s176-c-k-c0x00ffffff-no-rj", "heart": false}
{"cid": "Ugy1vAD7wXw6h5ck9zR4AaABAg", "text": "So this gets nominated, and Fikayo Tomori's screamer against Wolves doesn't", "time": "3Í∞úÏõî Ï†Ñ", "author": "Fiyin Ojoms", "channel": "UCnZO534dRlku2Yg7o4Y4InA", "votes": "23", "photo": "https://yt3.ggpht.com/ytc/AAUvwnjpFUFFFmwdme5PbAT_RJ1x_ye-uh5Ct-Zysp6WOQ=s176-c-k-c0x00ffffff-no-rj", "heart": false}
{"cid": "UgyvwsgKnK3smFI4DER4AaABAg", "text": "It's funny that peoples seem to dislike all female's goal that are nominated . Questioning why they were nominated? No wonder why there's feminism exist and getting louder nowadays", "time": "3Í∞úÏõî Ï†Ñ", "author": "ckw", "channel": "UCJ6qcYyxNSCeZfM9k-qfnng", "votes": "1", "photo": "https://yt3.ggpht.com/ytc/AAUvwngfSWJgnXn1OSVOwR82HCLFTJiyaWI1pbuu9zh4fA=s176-c-k-c0x00ffffff-no-rj", "heart": false}
{"cid": "UgysjYL9TkbY-gYErb94AaABAg", "text": "The same goal is scored with more power every PL match day", "time": "3Í∞úÏõî Ï†Ñ", "author": "Bob Ross‚Äôs Dad", "channel": "UCDc-UW1LwG59ARef1ri5p4w", "votes": "28", "photo": "https://yt3.ggpht.com/ytc/AAUvwniqnVteyYo-Fi2Wf_7GWkm-Gb1Dr_vT-UbUVg=s176-c-k-c0x00ffffff-no-rj", "heart": false}
{"cid": "Ugy61LwZYd-SkPNOyQN4AaABAg", "text": "nice shot but go fetch me a sandwich girl caroline", "time": "3Í∞úÏõî Ï†Ñ", "author": "Vipu88", "channel": "UCoevzBalcfxalI1MXIJH7jQ", "votes": "1", "photo": "https://yt3.ggpht.com/ytc/AAUvwniMIW33_T0b9tn3gKqyBHOvaMWNvuFoOkkmDw=s176-c-k-c0x00ffffff-no-rj", "heart": false}
{"cid": "Ugy8IXXNUr-Q1wGrDsp4AaABAg", "text": "I swear goals like this are scored almost every weekend.", "time": "3Í∞úÏõî Ï†Ñ", "author": "Rich Piana's Arms", "channel": "UCW3notwZQ6KliP3soCdQ5mA", "votes": "51", "photo": "https://yt3.ggpht.com/ytc/AAUvwnhyc7rEM7ZBHOQuxCPxEdmcLNG13idOIdB_Rv7N=s176-c-k-c0x00ffffff-no-rj", "heart": false}
{"cid": "Ugx2RXz9LE__oia4lBB4AaABAg", "text": "I think this is a solid goal because she made the interception and scored from a long range. All you guys sound like haters", "time": "3Í∞úÏõî Ï†Ñ", "author": "Oladapo Okunlola", "channel": "UCyih9XIiRxAYBKYUjaNvcwQ", "votes": "1", "photo": "https://yt3.ggpht.com/ytc/AAUvwnjaZX2NJYrNC7mIxABzd9G_BsZeWkrZ-liZBw=s176-c-k-c0x00ffffff-no-rj", "heart": false}
{"cid": "Ugwfqy3pRNpYVndIr1x4AaABAg", "text": "Filling the \"women\" nomine goal.", "time": "3Í∞úÏõî Ï†Ñ", "author": "Doƒüu The Second", "channel": "UCXQPmgye6oe08beX89H5cmQ", "votes": "1", "photo": "https://yt3.ggpht.com/ytc/AAUvwnjsRMTw51J_3TdAeFOaIYkzQk-oj8sSJnP0FLLu9w=s176-c-k-c0x00ffffff-no-rj", "heart": false}
{"cid": "Ugy2xsAZ0snem-gBFOp4AaABAg", "text": "\"we have to add women in Puskas award\"\n\nThis goal we see every Sunday ü§£", "time": "3Í∞úÏõî Ï†Ñ", "author": "Sylvain - NoLonger Slave", "channel": "UC9RFrsPeO2YHWBTWo7vUeiw", "votes": "5", "photo": "https://yt3.ggpht.com/ytc/AAUvwnj8Nu33CkOznXIPoU8Rl4LbwkVEPRPPUCMc2G_LiA=s176-c-k-c0x00ffffff-no-rj", "heart": false}
{"cid": "UgywDGWMs_1vlVCml9N4AaABAg", "text": "do a puskas award for women already. all men's volley/half volley goals are more faster and has more power", "time": "3Í∞úÏõî Ï†Ñ", "author": "ah kong", "channel": "UCeiktUb2FxEoWr-B_NQmRxg", "votes": "0", "photo": "https://yt3.ggpht.com/ytc/AAUvwnhmkWXx_-lSLgIAWF1laXEjEjtM_-EWcKpSb5F_ZQ=s176-c-k-c0x00ffffff-no-rj", "heart": false}
{"cid": "UgyWWS_AKNkH3uTVqKV4AaABAg", "text": "dislike \nok\nnext\n:D", "time": "3Í∞úÏõî Ï†Ñ", "author": "karimkopra", "channel": "UCSDr39BRsDXdrOBeuXkbYUg", "votes": "0", "photo": "https://yt3.ggpht.com/ytc/AAUvwnjBTY6268TYMjFomgm0fDt9aca5yWdozNH3E5iI=s176-c-k-c0x00ffffff-no-rj", "heart": false}
{"cid": "UgxHzs7HZMjrkalfIdt4AaABAg", "text": "There should a separate award for women.\nPERIOD", "time": "3Í∞úÏõî Ï†Ñ", "author": "Shahi Memes", "channel": "UCPkaCqJRJx6Fpx_nPsL9ksw", "votes": "1", "photo": "https://yt3.ggpht.com/ytc/AAUvwnhE1kDqHnvkJqjSjrGLHGAbLgxTwM3n7GdEmEI-vw=s176-c-k-c0x00ffffff-no-rj", "heart": false}
{"cid": "UgzYQDSeII7ZvJya34V4AaABAg", "text": "Quinonez ou Arrascaeta.", "time": "3Í∞úÏõî Ï†Ñ", "author": "Fernando Brasil", "channel": "UCDr79GbCbfaf5PsxeXun0ew", "votes": "0", "photo": "https://yt3.ggpht.com/ytc/AAUvwnjnNVX6axQaZ2MHeASkRQYK3_jxBeqRqWhmIAe1eA=s176-c-k-c0x00ffffff-no-rj", "heart": false}
{"cid": "UgwigxfvVptiyVpEfAd4AaABAg", "text": "Puskas award should be separated between men and women", "time": "3Í∞úÏõî Ï†Ñ(ÏàòÏ†ïÎê®)", "author": "abcd", "channel": "UCfnhh_uCKpjTpC7wDoLB8Lw", "votes": "1", "photo": "https://yt3.ggpht.com/ytc/AAUvwnghGuK4QDUdYXkCIhUyvHHziNBwEqL-4H_D07L5=s176-c-k-c0x00ffffff-no-rj", "heart": false}
{"cid": "UgxvUm7Wj9jGGTpvBw54AaABAg", "text": "That goal was amazing for woman", "time": "3Í∞úÏõî Ï†Ñ", "author": "abcd", "channel": "UCfnhh_uCKpjTpC7wDoLB8Lw", "votes": "2", "photo": "https://yt3.ggpht.com/ytc/AAUvwnghGuK4QDUdYXkCIhUyvHHziNBwEqL-4H_D07L5=s176-c-k-c0x00ffffff-no-rj", "heart": false}
{"cid": "Ugz_oZE-Ofe8qtROgGB4AaABAg", "text": "Stop giving these kind of videos a like.\nWe are here to nominate the best goal and not to play social fairness games...", "time": "3Í∞úÏõî Ï†Ñ", "author": "Omega", "channel": "UCIuWpVEkXSQco96nKIUkmpQ", "votes": "0", "photo": "https://yt3.ggpht.com/ytc/AAUvwnipR5Aw_JHrRb4QbBept9XF0oP548HCwy4D8t9t=s176-c-k-c0x00ffffff-no-rj", "heart": false}
{"cid": "UgwncPwJy0pUG7ZGI1R4AaABAg", "text": "üî•Vamos! Excelenteüî• Before a big match or now when I training at home, I always watch GOL movie on the youtube and then put on playlist the rock band Delta Parole for warmup and then GO GO GOOOLLL!!!!!", "time": "3Í∞úÏõî Ï†Ñ", "author": "shoota17", "channel": "UCBmGOmGrEaewkzlBnNKWXkQ", "votes": "0", "photo": "https://yt3.ggpht.com/ytc/AAUvwnjVLIdt91lYJz5lhLadl2oZfsYQyR6wI2wFFnWs=s176-c-k-c0x00ffffff-no-rj", "heart": false}
{"cid": "UgwW4z9xBvSNtUiUndB4AaABAg", "text": "Oops, she did it again against man u with a cheeky ball yesterday, amazing !!", "time": "1Í∞úÏõî Ï†Ñ", "author": "Yulan Loute", "channel": "UCcvWtJS_ju26ExRkuAbsJEg", "votes": "0", "photo": "https://yt3.ggpht.com/ytc/AAUvwng5VQQFcpuhYXj53n8_w22YHubFQUcL0bFdHQ=s176-c-k-c0x00ffffff-no-rj", "heart": false}
{"cid": "Ugxn5I8VfkHN85N8xpN4AaABAg", "text": "Still more spectacular than Mohamed Salah's goal that actually won the Puskas in 2018.", "time": "2Ï£º Ï†Ñ", "author": "ThereIsOnlyOneStuart", "channel": "UCklnoHeOG7S7mtDkoUGmz0A", "votes": "0", "photo": "https://yt3.ggpht.com/ytc/AAUvwniRosMzg32Vgup10uxRnCcQN4dhkrBz6qPGNA=s176-c-k-c0x00ffffff-no-rj", "heart": false}
{"cid": "UgwxBcCoJ3cxJ0zLN0p4AaABAg.9H2AVxDVFy09H2uymFS_AU", "text": "Truth", "time": "3Í∞úÏõî Ï†Ñ", "author": "Shotpister", "channel": "UC4Re1zzjLCRNaV0wSrcDx-Q", "votes": "0", "photo": "https://yt3.ggpht.com/ytc/AAUvwnhLYPdunI-nUu8_AkXxnU78a8z9va5mNjbK3w=s176-c-k-c0x00ffffff-no-rj", "heart": false}
{"cid": "Ugy1vAD7wXw6h5ck9zR4AaABAg.9H2EuasE1l_9HGLVvf08UK", "text": "Reece James v Brighton", "time": "3Í∞úÏõî Ï†Ñ", "author": "Mathias", "channel": "UCYRfk6dDIaCnihSgKhW6_jA", "votes": "0", "photo": "https://yt3.ggpht.com/ytc/AAUvwnieNTE8-ENFYSDp5z2Mw7IDtX7STFMpmTgBUhtQ8w=s176-c-k-c0x00ffffff-no-rj", "heart": false}
{"cid": "Ugy8IXXNUr-Q1wGrDsp4AaABAg.9H8SfaZ6mM19HNiCM5tHEV", "text": "Yeah, it was a great goal, but nothing worth of Pusk√°s", "time": "3Í∞úÏõî Ï†Ñ", "author": "Sebastian Geido", "channel": "UC5Zm2SiwlwMBdIg8UCO0F6g", "votes": "4", "photo": "https://yt3.ggpht.com/ytc/AAUvwnh7-7XntpyAYV9h8G6Ov3Fyn9BtFTIOJRU3Lw=s176-c-k-c0x00ffffff-no-rj", "heart": false}
{"cid": "Ugx2RXz9LE__oia4lBB4AaABAg.9H8YAHiEVCf9HGLash7f_Q", "text": "¬†@Not My Name¬† ye i agree i see this goal every weekend", "time": "3Í∞úÏõî Ï†Ñ", "author": "Mathias", "channel": "UCYRfk6dDIaCnihSgKhW6_jA", "votes": "0", "photo": "https://yt3.ggpht.com/ytc/AAUvwnieNTE8-ENFYSDp5z2Mw7IDtX7STFMpmTgBUhtQ8w=s176-c-k-c0x00ffffff-no-rj", "heart": false}
{"cid": "Ugx2RXz9LE__oia4lBB4AaABAg.9H8YAHiEVCf9HE14eGSMv4", "text": "Na ur wrong, the comments aren't sexist tbh, they r just saying the truth that every professional league will have many goals like this, just look at goal of the month for any month in premier league or bundesliga or la liga, there should be a separate award for women because not enough goals or quality ones yet to compare them fairly", "time": "3Í∞úÏõî Ï†Ñ", "author": "Not My Name", "channel": "UCkAy9IjJ7a8DZ-V15WBwp0Q", "votes": "3", "photo": "https://yt3.ggpht.com/ytc/AAUvwniTu77sBOu_Ax8KkxtArZ-OnYs3255nWfRV_A=s176-c-k-c0x00ffffff-no-rj", "heart": false}
{"cid": "Ugy2xsAZ0snem-gBFOp4AaABAg.9HEv-7vrPk49HKr2pnSEUe", "text": "oscar best male actor \n\"nicki minaj\"", "time": "3Í∞úÏõî Ï†Ñ", "author": "karimkopra", "channel": "UCSDr39BRsDXdrOBeuXkbYUg", "votes": "1", "photo": "https://yt3.ggpht.com/ytc/AAUvwnjBTY6268TYMjFomgm0fDt9aca5yWdozNH3E5iI=s176-c-k-c0x00ffffff-no-rj", "heart": false}
{"cid": "UgxdMGHkSgOj8Ylkt9t4AaABAg", "text": "I didn‚Äût know that women football is so popular in England!", "time": "4Í∞úÏõî Ï†Ñ", "author": "Religia Sportului", "channel": "UC5mBgoBpdcWOl0U_WMlgoaw", "votes": "0", "photo": "https://yt3.ggpht.com/ytc/AAUvwnhlcTjcPVwm8RvNfsN7TH9L0ge9881QB-AYou1_=s176-c-k-c0x00ffffff-no-rj", "heart": false}
{"cid": "Ugz-14kijLL4t4oRaJF4AaABAg", "text": "This goal wouldn't even win Premier League Goal of the Month", "time": "4Í∞úÏõî Ï†Ñ", "author": "Estian Kritzinger", "channel": "UCzg_l1mnN9j9U4Gs0nHhnig", "votes": "19", "photo": "https://yt3.ggpht.com/ytc/AAUvwnjbZg36B3VyYsfvbnWwv7GWOGNDkOPC5Ix4trRo=s176-c-k-c0x00ffffff-no-rj", "heart": false}
{"cid": "UgydHf4cbCS0TwXte9R4AaABAg", "text": "¬øPor esa mediocre anotaci√≥n ignoraron el golazo que Leonel Vangioni (entonces jugador del Monterrey) anot√≥ en el pasado Mundial de Clubes contra Al Sadd?", "time": "4Í∞úÏõî Ï†Ñ", "author": "Fernando Cede√±o", "channel": "UCaog6853doWGXkVcgvGUVVg", "votes": "1", "photo": "https://yt3.ggpht.com/ytc/AAUvwnjGCXkkCs5GxHYY2XrOcUNFblf0iWpo784phBzX=s176-c-k-c0x00ffffff-no-rj", "heart": false}
{"cid": "UgzKfrYIIGZbE0dmzG94AaABAg", "text": "Nah i'll take Son bruh.", "time": "4Í∞úÏõî Ï†Ñ", "author": "Giofanni Rahman Dhuha", "channel": "UCsM5qmlMBztCTPbGiQj8E8w", "votes": "5", "photo": "https://yt3.ggpht.com/ytc/AAUvwnjZcdaI3cIafpthFieC3_YNzmJMMAxLnk9179EAIw=s176-c-k-c0x00ffffff-no-rj", "heart": false}
{"cid": "UgzUvaJrA1ulYnnEOkN4AaABAg", "text": "Yo, can they make Men's & Women's Puskas award separately? This is normal goal in Men's football", "time": "4Í∞úÏõî Ï†Ñ", "author": "Lukas Justin", "channel": "UCc4RE7ggBbXYfREAPoAy0nA", "votes": "7", "photo": "https://yt3.ggpht.com/ytc/AAUvwnjsUwlR43KN1vpUVPX9UpTcImdlOMSMX325CTBX3A=s176-c-k-c0x00ffffff-no-rj", "heart": false}
{"cid": "UgwACHapuw4rb6j7ZZJ4AaABAg", "text": "there will never be an equality if we nominate goals like these", "time": "4Í∞úÏõî Ï†Ñ", "author": "–ú–∏—Ö–∞–∏–ª –õ–∞—É—Ö–∏–Ω", "channel": "UCe3ZHYCyQ7R7uOWSgKNLbSQ", "votes": "7", "photo": "https://yt3.ggpht.com/ytc/AAUvwnj0UWTpRBj42L1u27V8SollTYOAY-xEiT9sNOMe=s176-c-k-c0x00ffffff-no-rj", "heart": false}
{"cid": "UgypKnWjJ0C1TZY68R14AaABAg", "text": "Imagine if this won over Son‚Äôs goal üòÇ", "time": "4Í∞úÏõî Ï†Ñ", "author": "dazzaburger", "channel": "UCJTVkdPUIrtSBi7pImcFwZA", "votes": "93", "photo": "https://yt3.ggpht.com/ytc/AAUvwnitX9TF0AhKyeyp7z3dSs3WdC9_6gEEtOzvo0Au=s176-c-k-c0x00ffffff-no-rj", "heart": false}
{"cid": "UgwdaHM-WDQNpY6bf794AaABAg", "text": "Van Bronckhorst World cup 2010", "time": "3Í∞úÏõî Ï†Ñ", "author": "Rizki Saputra", "channel": "UCixNVOIN8rkYptW6zL7c-uA", "votes": "4", "photo": "https://yt3.ggpht.com/ytc/AAUvwnjhjJFSjdUiVJHQndrnxfNA-26tcqFsmdG5hQ=s176-c-k-c0x00ffffff-no-rj", "heart": false}
{"cid": "Ugx5EF65t_TAZTJyJ-V4AaABAg", "text": "Shocking goalkeeping", "time": "3Í∞úÏõî Ï†Ñ", "author": "S J", "channel": "UCko_fmd0mDZL-hA6G8BMkxQ", "votes": "11", "photo": "https://yt3.ggpht.com/ytc/AAUvwniq2XLnFUugdkxwkH_2AiLfTKHBcDpfDJGRdQ=s176-c-k-c0x00ffffff-no-rj", "heart": false}
{"cid": "UgzEgqYAzqIAm1ujtb14AaABAg", "text": "how is this nominated and sabitzer's voley isnt", "time": "3Í∞úÏõî Ï†Ñ", "author": "Alp Ongun", "channel": "UCe7BvMm5KJLvVEm10-FtFTw", "votes": "14", "photo": "https://yt3.ggpht.com/ytc/AAUvwngZlCxjagihPJIL3ntwB8wSbETRZ7b1RST4lFyWoQ=s176-c-k-c0x00ffffff-no-rj", "heart": false}
{"cid": "UgwiMQDmrBLI0wBB-St4AaABAg", "text": "I think it would be awesome if a woman get the puskas, but this could not be the one even tho is great", "time": "3Í∞úÏõî Ï†Ñ", "author": "Fede Silva Borrero", "channel": "UCFmgZnMWZ-tg-uoPl2jWEGw", "votes": "3", "photo": "https://yt3.ggpht.com/ytc/AAUvwnhHwD78VgCV7vUgzZ9KV9Fu-FjVYgtCXCZvVah5lMI=s176-c-k-c0x00ffffff-no-rj", "heart": false}
{"cid": "UgzxJzmNzcCkisct-jN4AaABAg", "text": "nƒ±ah", "time": "3Í∞úÏõî Ï†Ñ", "author": "ahmet ayaz", "channel": "UCSLAGYhs6LSOROqUfZq6yZQ", "votes": "0", "photo": "https://yt3.ggpht.com/ytc/AAUvwniA1cBrsgxjp_AfLqznpzmEiCn6ruSYYFwxmAwRbiE=s176-c-k-c0x00ffffff-no-rj", "heart": false}
{"cid": "UgwxfvBNeRihtTnVGXN4AaABAg", "text": "Girls playing with Manchester City!", "time": "3Í∞úÏõî Ï†Ñ", "author": "Paul Kint", "channel": "UCPXAqpdbOrOTRINXmSFZTOA", "votes": "0", "photo": "https://yt3.ggpht.com/ytc/AAUvwniM-8a3Lc3KOqC243KjX1kEGptjKlpu-KWeEq9z=s176-c-k-c0x00ffffff-no-rj", "heart": false}
{"cid": "UgwbRRPCLv_R3q1OxZ94AaABAg", "text": "Dollybirds playing football üòÇüòÇüòÇüòÇüòÇ", "time": "3Í∞úÏõî Ï†Ñ", "author": "kifftin22", "channel": "UCbjNfcamClvI71d8oaqrTZg", "votes": "0", "photo": "https://yt3.ggpht.com/ytc/AAUvwngd7Q54E3RgrYcowpsRJPDbtAa8404LQtntR_xw=s176-c-k-c0x00ffffff-no-rj", "heart": false}
{"cid": "UgxIrDoPFwo2NJEsy9R4AaABAg", "text": "It‚Äôs very nice but not even close to puskas level", "time": "3Í∞úÏõî Ï†Ñ", "author": "Shinta Kikuchi", "channel": "UCnTXLfFvy2PR88o0AMQ3Arg", "votes": "19", "photo": "https://yt3.ggpht.com/ytc/AAUvwnh0v6fII113qEFnYh02lvWyOnt2WBD7z4B3z1JksUE=s176-c-k-c0x00ffffff-no-rj", "heart": false}
{"cid": "Ugw7cFbdQiHOEjc0GE94AaABAg", "text": "Still better than Salah's goal in 2018", "time": "3Í∞úÏõî Ï†Ñ", "author": "Waffle Does Stuff", "channel": "UCJ1m7hgXp_PlTzjkF5ja7ow", "votes": "16", "photo": "https://yt3.ggpht.com/ytc/AAUvwni2zay9fr0Q-HcrJ0rKluI3soc1McagdkgkjvWI=s176-c-k-c0x00ffffff-no-rj", "heart": false}
{"cid": "UgyaqgkkFYZzW1qkiCp4AaABAg", "text": "Nice goal but not even worth it to be in top 100 goals of the year. I dont care if this goal was scored by women or men it isnt a bit worh it to be in puskas (the best 11) not a bit!!!!!!!!", "time": "3Í∞úÏõî Ï†Ñ", "author": "cacho NGO", "channel": "UCN-7kAgOv-Ch_2kBVdbyJeA", "votes": "35", "photo": "https://yt3.ggpht.com/ytc/AAUvwnjcIikfWm75VjfRp7LRNHgtVFrIGRHrDroB6a0E=s176-c-k-c0x00ffffff-no-rj", "heart": false}
{"cid": "Ugz0kMWWe6WFTbGgZdd4AaABAg", "text": "bien jou√© caroline!", "time": "3Í∞úÏõî Ï†Ñ", "author": "Jean Rillet", "channel": "UCnx5tILTj6ttDrWxzDmux7Q", "votes": "0", "photo": "https://yt3.ggpht.com/ytc/AAUvwniWhBv5WS8zPnV-Gs_0hecmAlSBO7pR0QnPwWkgdQ=s176-c-k-c0x00ffffff-no-rj", "heart": false}
{"cid": "Ugz52XUzsafnAgQc-Op4AaABAg", "text": "Is that Zac Djellab watching the match?", "time": "3Í∞úÏõî Ï†Ñ", "author": "Mauri 1991", "channel": "UClhkfpjvSF2ze7Hy2V3gvkw", "votes": "0", "photo": "https://yt3.ggpht.com/ytc/AAUvwngmyiZD_2cG_BZ_7ggX6lNGQC1pDx8WZt5hFyCFCg=s176-c-k-c0x00ffffff-no-rj", "heart": false}
{"cid": "UgxcLPaAelc_yy65BGx4AaABAg", "text": "Woke...", "time": "3Í∞úÏõî Ï†Ñ", "author": "Areal Fantasy", "channel": "UC9P8Dp3izfJTYqinnM4uLEA", "votes": "0", "photo": "https://yt3.ggpht.com/ytc/AAUvwnikPbIKWrDFP9uIiq08EgjNn4QvJNdhdyO_aPKU=s176-c-k-c0x00ffffff-no-rj", "heart": false}
{"cid": "Ugz-14kijLL4t4oRaJF4AaABAg.9GbLZOaaRrK9H8A-Q3zuO_", "text": "tbf Salah's Puskas goal didn't even win Premier League goal of the month either üòÇ", "time": "3Í∞úÏõî Ï†Ñ", "author": "Dominic Wong", "channel": "UC2R8Q0rjYHvla_jBrVsAP4g", "votes": "0", "photo": "https://yt3.ggpht.com/ytc/AAUvwni4ICIxMP48YsG5Jlau__MdlFTQZgmDLTcKXdyb=s176-c-k-c0x00ffffff-no-rj", "heart": false}
{"cid": "UgypKnWjJ0C1TZY68R14AaABAg.9GhIOpqMXh89H3XoCEU2AI", "text": "gignac and suarez both have much better goals than either of these", "time": "3Í∞úÏõî Ï†Ñ", "author": "charlie hancock", "channel": "UCSI80LTZFSgTjc-RlvPLtDQ", "votes": "2", "photo": "https://yt3.ggpht.com/ytc/AAUvwniCRd6gi7MYgXneKq-MXxfOS9d40ctDhYlz=s176-c-k-c0x00ffffff-no-rj", "heart": false}
{"cid": "UgypKnWjJ0C1TZY68R14AaABAg.9GhIOpqMXh89H1jJWK4xqH", "text": "or the African guy that did this from his OWN half\nQuinones btw", "time": "3Í∞úÏõî Ï†Ñ(ÏàòÏ†ïÎê®)", "author": "123 456", "channel": "UCciHr8hTjf8vX6fOiMRE90Q", "votes": "1", "photo": "https://yt3.ggpht.com/ytc/AAUvwnhhoCdrebMUJe9uVpHDzKWoNTBdeIa0JB2mnw=s176-c-k-c0x00ffffff-no-rj", "heart": false}
{"cid": "UgypKnWjJ0C1TZY68R14AaABAg.9GhIOpqMXh89H-rMXFkeKV", "text": "De Arasscaeta deserves win", "time": "3Í∞úÏõî Ï†Ñ", "author": "UCL Highlights", "channel": "UCu-dQmFe8WmQSp5l5bPSuVQ", "votes": "2", "photo": "https://yt3.ggpht.com/ytc/AAUvwnjIfZfytwFpVLVt8PBFUbMDkzVrMt2h31fXi4CE=s176-c-k-c0x00ffffff-no-rj", "heart": false}
{"cid": "UgwiMQDmrBLI0wBB-St4AaABAg.9GmDs0ad3wU9HGLdnOlzJj", "text": "Yeah", "time": "3Í∞úÏõî Ï†Ñ", "author": "Mathias", "channel": "UCYRfk6dDIaCnihSgKhW6_jA", "votes": "0", "photo": "https://yt3.ggpht.com/ytc/AAUvwnieNTE8-ENFYSDp5z2Mw7IDtX7STFMpmTgBUhtQ8w=s176-c-k-c0x00ffffff-no-rj", "heart": false}
{"cid": "Ugw7cFbdQiHOEjc0GE94AaABAg.9H0KpDCKvsx9H_488XLByi", "text": "¬†@karimkopra¬† no u", "time": "3Í∞úÏõî Ï†Ñ", "author": "Waffle Does Stuff", "channel": "UCJ1m7hgXp_PlTzjkF5ja7ow", "votes": "0", "photo": "https://yt3.ggpht.com/ytc/AAUvwni2zay9fr0Q-HcrJ0rKluI3soc1McagdkgkjvWI=s176-c-k-c0x00ffffff-no-rj", "heart": false}
{"cid": "Ugw7cFbdQiHOEjc0GE94AaABAg.9H0KpDCKvsx9HKojmsjJGM", "text": "u got problems", "time": "3Í∞úÏõî Ï†Ñ", "author": "karimkopra", "channel": "UCSDr39BRsDXdrOBeuXkbYUg", "votes": "1", "photo": "https://yt3.ggpht.com/ytc/AAUvwnjBTY6268TYMjFomgm0fDt9aca5yWdozNH3E5iI=s176-c-k-c0x00ffffff-no-rj", "heart": false}
{"cid": "UgyaqgkkFYZzW1qkiCp4AaABAg.9H0MzSSPkES9HGLP3PQ3BR", "text": "yeah", "time": "3Í∞úÏõî Ï†Ñ", "author": "Mathias", "channel": "UCYRfk6dDIaCnihSgKhW6_jA", "votes": "1", "photo": "https://yt3.ggpht.com/ytc/AAUvwnieNTE8-ENFYSDp5z2Mw7IDtX7STFMpmTgBUhtQ8w=s176-c-k-c0x00ffffff-no-rj", "heart": false}
{"cid": "UgxDxEAvHsD6ihCpvgR4AaABAg", "text": "Pretty girl..", "time": "4Í∞úÏõî Ï†Ñ", "author": "Blue Navy", "channel": "UCi5VtPiwMgOPNsjWGLWMSDg", "votes": "1", "photo": "https://yt3.ggpht.com/ytc/AAUvwnhOKq5VDHOLpvBIc3JXI2TwiLc4mHK5CNhEOOHR=s176-c-k-c0x00ffffff-no-rj", "heart": false}
{"cid": "UgwYgZKr7ZXwGm3vWQV4AaABAg", "text": "She's cute. My dream girl.", "time": "4Í∞úÏõî Ï†Ñ", "author": "John Schofield", "channel": "UCV-MOqr2Ln2ULsMvYVoDLDA", "votes": "3", "photo": "https://yt3.ggpht.com/ytc/AAUvwngxd2DIWGTPJfsQH-woW0K2y0dmqfFKbHChqY7B2w=s176-c-k-c0x00ffffff-no-rj", "heart": false}
{"cid": "Ugx0eP82mb0s2O3KFzJ4AaABAg", "text": "in what world does this deserve to be a Puskas nominee", "time": "4Í∞úÏõî Ï†Ñ", "author": "Elliot B", "channel": "UCKofAUiR5dyxgnZZPkluUzg", "votes": "482", "photo": "https://yt3.ggpht.com/ytc/AAUvwnhnPoECBAt8BZMWjgkSuU4LXCFBw4fK05zHLs-w=s176-c-k-c0x00ffffff-no-rj", "heart": false}
{"cid": "UgxS_HCCaBFc_ao5WXB4AaABAg", "text": "There should be a seperate one for women. There is no point including one each time to make the numbers when they never win. The womens game is growing and it should be recognised!", "time": "4Í∞úÏõî Ï†Ñ", "author": "Random Youtuber", "channel": "UC--EPnRZ0zqUQJvaNRGU2YQ", "votes": "288", "photo": "https://yt3.ggpht.com/ytc/AAUvwnhw2IdGPVVzzH1HmMUBFjX4r8kmccZaf5GoVtumSA=s176-c-k-c0x00ffffff-no-rj", "heart": false}
{"cid": "UgzSNtCnm5y999MhH6h4AaABAg", "text": "Donde esta el golazo del atletico grau al River de Uruguay en la sudamericana", "time": "4Í∞úÏõî Ï†Ñ", "author": "JOSE CONDORI", "channel": "UCpjnRtHd-GqvVGOa-NiKwaQ", "votes": "0", "photo": "https://yt3.ggpht.com/ytc/AAUvwniY5n1rQag-uG04ywD01PYusN8ibHy8fEazHiFC=s176-c-k-c0x00ffffff-no-rj", "heart": false}
{"cid": "Ugxz1yxpt92n8wjzuhZ4AaABAg", "text": "Donde esta los golazos de la liga peruana", "time": "4Í∞úÏõî Ï†Ñ", "author": "JOSE CONDORI", "channel": "UCpjnRtHd-GqvVGOa-NiKwaQ", "votes": "2", "photo": "https://yt3.ggpht.com/ytc/AAUvwniY5n1rQag-uG04ywD01PYusN8ibHy8fEazHiFC=s176-c-k-c0x00ffffff-no-rj", "heart": false}
{"cid": "UgzRXOPtAdUw-fEkNCl4AaABAg", "text": "DONDE ESTA EL GOLAZO DEL HUANCAYO AL LIVERPOOL", "time": "4Í∞úÏõî Ï†Ñ", "author": "JOSE CONDORI", "channel": "UCpjnRtHd-GqvVGOa-NiKwaQ", "votes": "0", "photo": "https://yt3.ggpht.com/ytc/AAUvwniY5n1rQag-uG04ywD01PYusN8ibHy8fEazHiFC=s176-c-k-c0x00ffffff-no-rj", "heart": false}
{"cid": "Ugx6umjAs8apTwFqm8R4AaABAg", "text": "These goals can be seen every week in the men's league. Even more impactful, faster, stronger. There is no need to create a women's quota system in soccer.", "time": "4Í∞úÏõî Ï†Ñ(ÏàòÏ†ïÎê®)", "author": "gove kof", "channel": "UCxCRwFCisXYy2xMrwMTGB8Q", "votes": "126", "photo": "https://yt3.ggpht.com/ytc/AAUvwnj7_nsyodvklN8HY6CRyP-ZIt5UYUxLbYwQuqe3=s176-c-k-c0x00ffffff-no-rj", "heart": false}
{"cid": "UgxPM7qEuroe17xI3e14AaABAg", "text": "muy x", "time": "4Í∞úÏõî Ï†Ñ", "author": "Tucan C√≥smico De Los Mares De Bolivia", "channel": "UC6r-KuAcmT_mJzOMNayp8Hg", "votes": "2", "photo": "https://yt3.ggpht.com/ytc/AAUvwnjnCu9A_ybSEoncXYNLvZ1SvX4JuOaWf_TAfmLuiQ=s176-c-k-c0x00ffffff-no-rj", "heart": false}
{"cid": "UgyJF0L6TNeP_2mZts94AaABAg", "text": "Not close to being worthy of nomination, quality over diversity please.", "time": "4Í∞úÏõî Ï†Ñ", "author": "The Second Cuming", "channel": "UCQWqaecsFCtZ-gHflI6tXxw", "votes": "252", "photo": "https://yt3.ggpht.com/ytc/AAUvwngNcHHIfjGqf40l8NFrZzWbyxT1bEZEFLaVOvcc=s176-c-k-c0x00ffffff-no-rj", "heart": false}
{"cid": "Ugx0ulw5KviUpNDk8ex4AaABAg", "text": "Shambles", "time": "4Í∞úÏõî Ï†Ñ", "author": "FreeOnGoal", "channel": "UC5SKP0978YjWQR3rGVjZK3g", "votes": "1", "photo": "https://yt3.ggpht.com/ytc/AAUvwngEeJOL1kJG3r2kyW358bGNFhUl4qfZ7XXLjFLv=s176-c-k-c0x00ffffff-no-rj", "heart": false}
{"cid": "Ugxenc9i3P3khZFR8-R4AaABAg", "text": "This was an exquisite goal. However, many others should have been chosen in front.", "time": "4Í∞úÏõî Ï†Ñ", "author": "MMA Sports Master", "channel": "UCFy5t46KNBDrRoAbWdiIF0w", "votes": "201", "photo": "https://yt3.ggpht.com/ytc/AAUvwnix6cFRpC54cQSY0fLg4lULA_YfrPHwFsIxfvGE=s176-c-k-c0x00ffffff-no-rj", "heart": false}
{"cid": "UgwYIYFO5Vv_0MV0ypt4AaABAg", "text": "I remember 100 better goals than this but of course there must be a woman's goal because it is 2020...", "time": "4Í∞úÏõî Ï†Ñ", "author": "You Mirin?", "channel": "UCCkTP0lxo_JJJs7j_kTa18Q", "votes": "22", "photo": "https://yt3.ggpht.com/ytc/AAUvwnjZO7J2nMonuBNi0rEa3lmt6O-Z5jtjz6EWGQ=s176-c-k-c0x00ffffff-no-rj", "heart": false}
{"cid": "UgxVBXR2pLeuWVIxNpZ4AaABAg", "text": "Golazo", "time": "4Í∞úÏõî Ï†Ñ", "author": "PARIS SOUTH", "channel": "UCahzEKxQbv3vRpbBorVmsUw", "votes": "16", "photo": "https://yt3.ggpht.com/ytc/AAUvwnigMu1gQwRcgnRmgcuPCLG7_q2r3Yt5o6QzagTH=s176-c-k-c0x00ffffff-no-rj", "heart": false}
{"cid": "UgyqrHuk7NpX4tTsyJJ4AaABAg", "text": "What in the world are these comments on about? It's a laser of a strike", "time": "4Í∞úÏõî Ï†Ñ", "author": "Tomanna", "channel": "UC2tzDhi2sBr3py5NhSHDuhQ", "votes": "1", "photo": "https://yt3.ggpht.com/ytc/AAUvwnh-hNHcf9Dyh76sJaGWCjq9p4N8qBxJGFr7JRvE8cA=s176-c-k-c0x00ffffff-no-rj", "heart": false}
{"cid": "Ugx3jWFvgwiSW1cPIGV4AaABAg", "text": "Mane folks in Sunday league score those all day.\nAs a matter of fact i can score thatüòÇ\nYall just wanted a girl in it", "time": "4Í∞úÏõî Ï†Ñ", "author": "Keysilence", "channel": "UCrC5cd8PdPIiuLq5GR0sXKw", "votes": "2", "photo": "https://yt3.ggpht.com/ytc/AAUvwnicGHRkGSx6K8YGQT1mSCuWnmhW-b6z7aEIGhoJ=s176-c-k-c0x00ffffff-no-rj", "heart": false}
{"cid": "UgxlNTEn8CzSbvDxU0h4AaABAg", "text": "Jackie Groenen's debut with Man Utd üíó", "time": "4Í∞úÏõî Ï†Ñ", "author": "Vinicius Jr", "channel": "UCB6amvQAXNYPjCQ_qmwTntg", "votes": "0", "photo": "https://yt3.ggpht.com/ytc/AAUvwnhtFZY5KtBix173tsWD4MV2D3kJw9jRw-fzAA=s176-c-k-c0x00ffffff-no-rj", "heart": false}
{"cid": "UgxjZC8GsajN0K-w63h4AaABAg", "text": "This is from September \"2019\"\nIsn't this supposed to be in Puskas 2019?\n(I know goals from December of 2019 is awarded in 2020 and I guess November too, but September though)", "time": "4Í∞úÏõî Ï†Ñ(ÏàòÏ†ïÎê®)", "author": "TechNeTium43", "channel": "UCxVtP2sbA5Q638r3g9E4_8A", "votes": "1", "photo": "https://yt3.ggpht.com/ytc/AAUvwnjMotOKr0GGoMKDoCYIvnLdozu4QD7j3jA8qD-Sdg=s176-c-k-c0x00ffffff-no-rj", "heart": false}
{"cid": "UgwtZf2iSzBQ81tSG8B4AaABAg", "text": "Best Interceptions", "time": "4Í∞úÏõî Ï†Ñ", "author": "shmsin", "channel": "UCDMRdyngmyxfu26fV2fRJIw", "votes": "0", "photo": "https://yt3.ggpht.com/ytc/AAUvwnjvkkcomdLylcO9z8uhSjergrPCuK-scue84A=s176-c-k-c0x00ffffff-no-rj", "heart": false}
{"cid": "UgzFIVagizQMBkYG3NZ4AaABAg", "text": "QU√â GOLAZO!", "time": "4Í∞úÏõî Ï†Ñ", "author": "JOSU√â PACHUCHO", "channel": "UCY2jNtXBJU4PorEsJnHshHw", "votes": "0", "photo": "https://yt3.ggpht.com/ytc/AAUvwnghI7JqC4sjFeOkimIe9cKDe5UexMnvAZqPVm9n=s176-c-k-c0x00ffffff-no-rj", "heart": false}
{"cid": "UgxDxEAvHsD6ihCpvgR4AaABAg.9GUeXDFG2Hw9GymraXTqDy", "text": "¬†@lincoln¬† You're also pretty.", "time": "3Í∞úÏõî Ï†Ñ", "author": "Luke K.", "channel": "UC946BqgpkMLF19EU-zrVSzQ", "votes": "0", "photo": "https://yt3.ggpht.com/ytc/AAUvwnj85z7YxT18Y-vjOKEZzhx9q56fHz7Hiap1ww=s176-c-k-c0x00ffffff-no-rj", "heart": false}
{"cid": "UgxDxEAvHsD6ihCpvgR4AaABAg.9GUeXDFG2Hw9GV0BHkz5_D", "text": "Simp", "time": "4Í∞úÏõî Ï†Ñ", "author": "lincoln", "channel": "UCtfgmoJemYtG5w55sGoOHMA", "votes": "1", "photo": "https://yt3.ggpht.com/ytc/AAUvwnhcYCVE_KMg6_PMQ38R1WBe45dM6FQIzNafAWTI=s176-c-k-c0x00ffffff-no-rj", "heart": false}
{"cid": "UgwYgZKr7ZXwGm3vWQV4AaABAg.9GUfrphSc8z9GWln2CCLV7", "text": "simp", "time": "4Í∞úÏõî Ï†Ñ", "author": "felipe", "channel": "UCmJKz2bfSVlRC8BfekoF17w", "votes": "2", "photo": "https://yt3.ggpht.com/ytc/AAUvwnjAMUXovTMuf7QIEiJFHvRDOd_k9y3adU_ZBPUaZg=s176-c-k-c0x00ffffff-no-rj", "heart": false}
{"cid": "UgwYgZKr7ZXwGm3vWQV4AaABAg.9GUfrphSc8z9GUubpNQSbA", "text": "lol Proof that American women are prettier than UK women", "time": "4Í∞úÏõî Ï†Ñ", "author": "Joe", "channel": "UC9B2GZc-7IfUxl34ercS20g", "votes": "0", "photo": "https://yt3.ggpht.com/ytc/AAUvwnhfb0JWOZIK_h24fbc_6TCCwPNUKlDZFXU-t7xd5A=s176-c-k-c0x00ffffff-no-rj", "heart": false}
{"cid": "Ugx0eP82mb0s2O3KFzJ4AaABAg.9GUgNuIqZfC9Gg8uGz3n-q", "text": "FIFA doesn't want any conflict with feminists", "time": "4Í∞úÏõî Ï†Ñ", "author": "Fajar Pradityo", "channel": "UCLiCoHcOujQ8fN8dPcRQ6jw", "votes": "8", "photo": "https://yt3.ggpht.com/ytc/AAUvwniPV7i20spkxvYW7Zuvbmb9n4uNN7RhaZkCP87RRg=s176-c-k-c0x00ffffff-no-rj", "heart": false}
{"cid": "Ugx0eP82mb0s2O3KFzJ4AaABAg.9GUgNuIqZfC9GdZFv-PWmr", "text": "¬†@Ricardo Tella¬† ah ok, my apologies for misunderstanding it", "time": "4Í∞úÏõî Ï†Ñ", "author": "Va15e", "channel": "UClfUFNHxKvD2B_fWXa3GgKA", "votes": "2", "photo": "https://yt3.ggpht.com/ytc/AAUvwnjCbZv_bbZGgZE9WNDgGxvJkQ6m72TqFIq88A=s176-c-k-c0x00ffffff-no-rj", "heart": false}
{"cid": "Ugx0eP82mb0s2O3KFzJ4AaABAg.9GUgNuIqZfC9GdYsmnGJxj", "text": "¬†@Va15e¬† I'm fully aware of what the award is, I play and watch football too...\n\nWe're all just wondering what's so special about this goal, when most of us do this on a wet muddy pitch on a Sunday", "time": "4Í∞úÏõî Ï†Ñ", "author": "Ricardo Tella", "channel": "UCkQruvdYQ4fVK0pzxgd9Onw", "votes": "6", "photo": "https://yt3.ggpht.com/ytc/AAUvwniWDYtK7ucVBOAQ_cGW-9Vg4dnl5QUZjM0jPFzucQ=s176-c-k-c0x00ffffff-no-rj", "heart": false}
{"cid": "Ugx0eP82mb0s2O3KFzJ4AaABAg.9GUgNuIqZfC9GdKtxVobJk", "text": "¬†@Ricardo Tella¬† the puskas award is given to the most aesthetically pleasing or most ‚Äúbeautiful‚Äù goal. Context literally does not matter", "time": "4Í∞úÏõî Ï†Ñ", "author": "Va15e", "channel": "UClfUFNHxKvD2B_fWXa3GgKA", "votes": "8", "photo": "https://yt3.ggpht.com/ytc/AAUvwnjCbZv_bbZGgZE9WNDgGxvJkQ6m72TqFIq88A=s176-c-k-c0x00ffffff-no-rj", "heart": false}
{"cid": "Ugx0eP82mb0s2O3KFzJ4AaABAg.9GUgNuIqZfC9GcRRqjMktA", "text": "In female standards, that's goal of the century", "time": "4Í∞úÏõî Ï†Ñ", "author": "Ricardo Tella", "channel": "UCkQruvdYQ4fVK0pzxgd9Onw", "votes": "20", "photo": "https://yt3.ggpht.com/ytc/AAUvwniWDYtK7ucVBOAQ_cGW-9Vg4dnl5QUZjM0jPFzucQ=s176-c-k-c0x00ffffff-no-rj", "heart": false}
{"cid": "Ugx0eP82mb0s2O3KFzJ4AaABAg.9GUgNuIqZfC9GUtB9QZP7u", "text": "¬†@TheLegend27¬† This goal is scored in lower ranked leagues you feminist.", "time": "4Í∞úÏõî Ï†Ñ", "author": "FootballLandHD", "channel": "UCrCgx-e9KsFlD8XpENwi0-Q", "votes": "23", "photo": "https://yt3.ggpht.com/ytc/AAUvwng9LRprsHB6hbFhqwbzzuMm87IxlzdKZbxnMk0Q=s176-c-k-c0x00ffffff-no-rj", "heart": false}
{"cid": "Ugx0eP82mb0s2O3KFzJ4AaABAg.9GUgNuIqZfC9GUlgSTPEcO", "text": "¬†@TheLegend27¬† nah it‚Äôs just true", "time": "4Í∞úÏõî Ï†Ñ", "author": "Jack Keane", "channel": "UC9hOMkXbkZp-f0wpuVwXmfA", "votes": "12", "photo": "https://yt3.ggpht.com/ytc/AAUvwnjpvDBd0OSg0XbcnVEV1bSUAV-3K42iG679mh3D=s176-c-k-c0x00ffffff-no-rj", "heart": false}
{"cid": "Ugx0eP82mb0s2O3KFzJ4AaABAg.9GUgNuIqZfC9GUjnYKeNBv", "text": "Came here to comment the exact same thing", "time": "4Í∞úÏõî Ï†Ñ", "author": "Jack Keane", "channel": "UC9hOMkXbkZp-f0wpuVwXmfA", "votes": "6", "photo": "https://yt3.ggpht.com/ytc/AAUvwnjpvDBd0OSg0XbcnVEV1bSUAV-3K42iG679mh3D=s176-c-k-c0x00ffffff-no-rj", "heart": false}
{"cid": "Ugx0eP82mb0s2O3KFzJ4AaABAg.9GUgNuIqZfC9GUinT_4LeA", "text": "Agreed", "time": "4Í∞úÏõî Ï†Ñ", "author": "Lorenzo Jones", "channel": "UC5hpseHHDXM4asFYPoL-tlA", "votes": "10", "photo": "https://yt3.ggpht.com/ytc/AAUvwngQacO9eFMz3f9siUlVuD_1NtgNhkFNzc5PGQ=s176-c-k-c0x00ffffff-no-rj", "heart": false}
{"cid": "Ugx0eP82mb0s2O3KFzJ4AaABAg.9GUgNuIqZfC9GUi_nxs9nl", "text": "Exactly", "time": "4Í∞úÏõî Ï†Ñ", "author": "Senan Devine", "channel": "UCQJjxrMwdBPMDc7_q5Z5usg", "votes": "14", "photo": "https://yt3.ggpht.com/ytc/AAUvwnjEAOfdKVZpWthRMFCPicbcn8H0rYEb9Cy97A=s176-c-k-c0x00ffffff-no-rj", "heart": false}
{"cid": "Ugx0eP82mb0s2O3KFzJ4AaABAg.9GUgNuIqZfC9H8VV2mzXpX", "text": "was a quality goal tbf", "time": "3Í∞úÏõî Ï†Ñ", "author": "AK Media", "channel": "UCCFUgl228F0HQA2w8K_8orQ", "votes": "0", "photo": "https://yt3.ggpht.com/ytc/AAUvwnigp7AWbzs_w4s9ihmbKAwvfXTFfNlfkblwZzfZ0g=s176-c-k-c0x00ffffff-no-rj", "heart": false}
{"cid": "Ugx0eP82mb0s2O3KFzJ4AaABAg.9GUgNuIqZfC9H7dyAR2tHy", "text": "Because it's a woman xD", "time": "3Í∞úÏõî Ï†Ñ", "author": "The Vigilante", "channel": "UCJMpVjsow9sd4qzDzd5kMhQ", "votes": "1", "photo": "https://yt3.ggpht.com/ytc/AAUvwnip6vykqDhxIO4Cb8Fv_P6VjTy80DodD5NeJQ=s176-c-k-c0x00ffffff-no-rj", "heart": false}
{"cid": "Ugx0eP82mb0s2O3KFzJ4AaABAg.9GUgNuIqZfC9H5rTD6MkIy", "text": "¬†@Bob Ross‚Äôs Dad¬† and salah's goal literally won it, so what's the problem with this one being nominated", "time": "3Í∞úÏõî Ï†Ñ", "author": "Sebastian", "channel": "UC1LPxV_xTBZlnbqrvR7r00g", "votes": "3", "photo": "https://yt3.ggpht.com/ytc/AAUvwnhLlGYnlPGgz_p4rO0VInHExj9xHQUVc2lHPvPQ=s176-c-k-c0x00ffffff-no-rj", "heart": false}
{"cid": "Ugx0eP82mb0s2O3KFzJ4AaABAg.9GUgNuIqZfC9H5AIFcGGcJ", "text": "¬†@Sebastian¬† no one said Salah‚Äôs goal was better than this, but someone scores this type of goal with a bit more power every weekend", "time": "3Í∞úÏõî Ï†Ñ", "author": "Bob Ross‚Äôs Dad", "channel": "UCDc-UW1LwG59ARef1ri5p4w", "votes": "2", "photo": "https://yt3.ggpht.com/ytc/AAUvwniqnVteyYo-Fi2Wf_7GWkm-Gb1Dr_vT-UbUVg=s176-c-k-c0x00ffffff-no-rj", "heart": false}
{"cid": "Ugx0eP82mb0s2O3KFzJ4AaABAg.9GUgNuIqZfC9GpKAskQ7qL", "text": "Womens world", "time": "3Í∞úÏõî Ï†Ñ", "author": "kjws0809", "channel": "UCx0NjU6S6BjkkoVyVnA1h6w", "votes": "1", "photo": "https://yt3.ggpht.com/ytc/AAUvwnh46GMaotfI9928LO76OZJ7oMo7b8zEnrzvfCRXfA=s176-c-k-c0x00ffffff-no-rj", "heart": false}
{"cid": "Ugx0eP82mb0s2O3KFzJ4AaABAg.9GUgNuIqZfC9Gjz8QqHAMu", "text": "this is definitely better than salah's goal that won it in 2018, but you're all too blinded by hate", "time": "3Í∞úÏõî Ï†Ñ", "author": "Sebastian", "channel": "UC1LPxV_xTBZlnbqrvR7r00g", "votes": "11", "photo": "https://yt3.ggpht.com/ytc/AAUvwnhLlGYnlPGgz_p4rO0VInHExj9xHQUVc2lHPvPQ=s176-c-k-c0x00ffffff-no-rj", "heart": false}
{"cid": "UgxS_HCCaBFc_ao5WXB4AaABAg.9GUgXOdtYP19GXaKIBTBGr", "text": "¬†@Vinicius Jr¬† Bruh compared to men's goals that'll never happen", "time": "4Í∞úÏõî Ï†Ñ", "author": "FootballLandHD", "channel": "UCrCgx-e9KsFlD8XpENwi0-Q", "votes": "0", "photo": "https://yt3.ggpht.com/ytc/AAUvwng9LRprsHB6hbFhqwbzzuMm87IxlzdKZbxnMk0Q=s176-c-k-c0x00ffffff-no-rj", "heart": false}
{"cid": "UgxS_HCCaBFc_ao5WXB4AaABAg.9GUgXOdtYP19GXZ7feYdeE", "text": "¬†@FootballLandHD¬† 'cause you don't see women's football, I bet you only know the names of Alex Morgan, Martha and \"the one with the purple hair\".", "time": "4Í∞úÏõî Ï†Ñ", "author": "Vinicius Jr", "channel": "UCB6amvQAXNYPjCQ_qmwTntg", "votes": "5", "photo": "https://yt3.ggpht.com/ytc/AAUvwnhtFZY5KtBix173tsWD4MV2D3kJw9jRw-fzAA=s176-c-k-c0x00ffffff-no-rj", "heart": false}
{"cid": "UgxS_HCCaBFc_ao5WXB4AaABAg.9GUgXOdtYP19GXLswueGxU", "text": "¬†@Vinicius Jr¬† Don't see that coming", "time": "4Í∞úÏõî Ï†Ñ", "author": "FootballLandHD", "channel": "UCrCgx-e9KsFlD8XpENwi0-Q", "votes": "7", "photo": "https://yt3.ggpht.com/ytc/AAUvwng9LRprsHB6hbFhqwbzzuMm87IxlzdKZbxnMk0Q=s176-c-k-c0x00ffffff-no-rj", "heart": false}
{"cid": "UgxS_HCCaBFc_ao5WXB4AaABAg.9GUgXOdtYP19GWD9uE77Op", "text": "Some day a woman will win it, and it will be a legendary goal.", "time": "4Í∞úÏõî Ï†Ñ(ÏàòÏ†ïÎê®)", "author": "Vinicius Jr", "channel": "UCB6amvQAXNYPjCQ_qmwTntg", "votes": "1", "photo": "https://yt3.ggpht.com/ytc/AAUvwnhtFZY5KtBix173tsWD4MV2D3kJw9jRw-fzAA=s176-c-k-c0x00ffffff-no-rj", "heart": false}
{"cid": "UgxS_HCCaBFc_ao5WXB4AaABAg.9GUgXOdtYP19GVOM8asGSn", "text": "Why should be? You don't need to be physically strong to score a beautiful goal... Just look Suarez. Equality, but if they don't win make a category for them? Where is the short people category from basketball?", "time": "4Í∞úÏõî Ï†Ñ", "author": "You Mirin?", "channel": "UCCkTP0lxo_JJJs7j_kTa18Q", "votes": "9", "photo": "https://yt3.ggpht.com/ytc/AAUvwnjZO7J2nMonuBNi0rEa3lmt6O-Z5jtjz6EWGQ=s176-c-k-c0x00ffffff-no-rj", "heart": false}
{"cid": "UgxS_HCCaBFc_ao5WXB4AaABAg.9GUgXOdtYP19GV1wCS8Mpl", "text": "Stephanie Roche got 2nd in 2014 and the goal that beat it was the best of the World Cup. Including the womens' goals with the mens' goals is showing that it is recognised.", "time": "4Í∞úÏõî Ï†Ñ", "author": "Lynskey263", "channel": "UCYBfKN60Df_0m3h-KpFwDHw", "votes": "2", "photo": "https://yt3.ggpht.com/ytc/AAUvwnjhA1YpKicEoyWuSp81f4OaAfV-eMHtzprIgLDy=s176-c-k-c0x00ffffff-no-rj", "heart": false}
{"cid": "UgxS_HCCaBFc_ao5WXB4AaABAg.9GUgXOdtYP19GUhN9b_Z56", "text": "¬†@Mattis 486¬† thanksüëèüëè", "time": "4Í∞úÏõî Ï†Ñ", "author": "Shine On you Crazy Diamond", "channel": "UC2TJGH432VFvMb3_BTuA9dQ", "votes": "0", "photo": "https://yt3.ggpht.com/ytc/AAUvwniZy3jlYtomafBOtL1fYIrSJbGK7dvX0PnHCGk=s176-c-k-c0x00ffffff-no-rj", "heart": false}
{"cid": "UgxS_HCCaBFc_ao5WXB4AaABAg.9GUgXOdtYP19GUgzJQBNdr", "text": "¬†@Shine On you Crazy Diamond¬† nice pic and nice name", "time": "4Í∞úÏõî Ï†Ñ", "author": "Mattis 486", "channel": "UCNI3EtT15vqIAa-hAngWY1A", "votes": "0", "photo": "https://yt3.ggpht.com/ytc/AAUvwngjPQo93vY-1xUb4gPKBVuDc7hT7owgGg26uw=s176-c-k-c0x00ffffff-no-rj", "heart": false}
{"cid": "UgxS_HCCaBFc_ao5WXB4AaABAg.9GUgXOdtYP19GUgqJQ-Eya", "text": "Agree", "time": "4Í∞úÏõî Ï†Ñ", "author": "Shine On you Crazy Diamond", "channel": "UC2TJGH432VFvMb3_BTuA9dQ", "votes": "0", "photo": "https://yt3.ggpht.com/ytc/AAUvwniZy3jlYtomafBOtL1fYIrSJbGK7dvX0PnHCGk=s176-c-k-c0x00ffffff-no-rj", "heart": false}
{"cid": "UgxS_HCCaBFc_ao5WXB4AaABAg.9GUgXOdtYP19GUghlnpZgZ", "text": "Although, I have just seen that two more have actually been included...but my point stands!", "time": "4Í∞úÏõî Ï†Ñ", "author": "Random Youtuber", "channel": "UC--EPnRZ0zqUQJvaNRGU2YQ", "votes": "4", "photo": "https://yt3.ggpht.com/ytc/AAUvwnhw2IdGPVVzzH1HmMUBFjX4r8kmccZaf5GoVtumSA=s176-c-k-c0x00ffffff-no-rj", "heart": false}
{"cid": "UgxS_HCCaBFc_ao5WXB4AaABAg.9GUgXOdtYP19GgrK6fvogg", "text": "yes, women goals include in this list will just create more controversal", "time": "4Í∞úÏõî Ï†Ñ", "author": "Trungkeeper", "channel": "UCN6OzOV8aMAa1Oely6rMGrA", "votes": "0", "photo": "https://yt3.ggpht.com/ytc/AAUvwni1pTDqvPDC0v6Xtf1vGZ88OxRk5HrBwJWCfnxmBA=s176-c-k-c0x00ffffff-no-rj", "heart": false}
{"cid": "UgxS_HCCaBFc_ao5WXB4AaABAg.9GUgXOdtYP19GeQ0miOppp", "text": "9/10 goals in women‚Äôs football are average tap ins not worthy of an entire list.", "time": "4Í∞úÏõî Ï†Ñ", "author": "dazzaburger", "channel": "UCJTVkdPUIrtSBi7pImcFwZA", "votes": "1", "photo": "https://yt3.ggpht.com/ytc/AAUvwnitX9TF0AhKyeyp7z3dSs3WdC9_6gEEtOzvo0Au=s176-c-k-c0x00ffffff-no-rj", "heart": false}
{"cid": "UgxS_HCCaBFc_ao5WXB4AaABAg.9GUgXOdtYP19GXaxXwnVmV", "text": "¬†@Vinicius Jr¬† I know more like Renard, Hegerberg, Hamm, Rozeira, Bronze, Le Sommer, Martens, Kerr, etc...", "time": "4Í∞úÏõî Ï†Ñ", "author": "FootballLandHD", "channel": "UCrCgx-e9KsFlD8XpENwi0-Q", "votes": "0", "photo": "https://yt3.ggpht.com/ytc/AAUvwng9LRprsHB6hbFhqwbzzuMm87IxlzdKZbxnMk0Q=s176-c-k-c0x00ffffff-no-rj", "heart": false}
{"cid": "UgzSNtCnm5y999MhH6h4AaABAg.9GUjhGQRDcM9GVFyJGawtr", "text": "Dale con inflar los goles de equipos peruanos", "time": "4Í∞úÏõî Ï†Ñ", "author": "Matias Nicolich", "channel": "UCE5V-0nqeux4rR2GTvkEdNA", "votes": "0", "photo": "https://yt3.ggpht.com/ytc/AAUvwniTKhOhj9ROBdiFVxVBycujZgPq1Wm8eoAYZ4VtgQ=s176-c-k-c0x00ffffff-no-rj", "heart": false}
{"cid": "UgzRXOPtAdUw-fEkNCl4AaABAg.9GUjp75fmiH9GVFk_XrAed", "text": "En que planeta eso merece un Puskas\nFue buen gol, pero hasta ah√≠.", "time": "4Í∞úÏõî Ï†Ñ", "author": "Matias Nicolich", "channel": "UCE5V-0nqeux4rR2GTvkEdNA", "votes": "1", "photo": "https://yt3.ggpht.com/ytc/AAUvwniTKhOhj9ROBdiFVxVBycujZgPq1Wm8eoAYZ4VtgQ=s176-c-k-c0x00ffffff-no-rj", "heart": false}
{"cid": "UgzRXOPtAdUw-fEkNCl4AaABAg.9GUjp75fmiH9GUpoql1B4E", "text": "Un simple gol no pasa nada", "time": "4Í∞úÏõî Ï†Ñ", "author": "Fernando Villagaray", "channel": "UC3s4H4JcnERLYXYEUyXTWbg", "votes": "0", "photo": "https://yt3.ggpht.com/ytc/AAUvwnjh9wegKojVDjSwN89TPRQlcPrHziRrOUdeeX1lLg=s176-c-k-c0x00ffffff-no-rj", "heart": false}
{"cid": "Ugx6umjAs8apTwFqm8R4AaABAg.9GUk5zW2QX69Ge0jwSW4Tp", "text": "¬†@Erick Amaral¬† Soccer is correct to", "time": "4Í∞úÏõî Ï†Ñ", "author": "Gabriel Santos", "channel": "UCnZ0Ipzak3Ytsd3Y0pmazLQ", "votes": "0", "photo": "https://yt3.ggpht.com/ytc/AAUvwngpJsTv4oq_M_-nsPCCOJztfJ-n0m6RZXtOR5YoTQ=s176-c-k-c0x00ffffff-no-rj", "heart": false}
{"cid": "Ugx6umjAs8apTwFqm8R4AaABAg.9GUk5zW2QX69GcxNSikczP", "text": "De Bryune scores them", "time": "4Í∞úÏõî Ï†Ñ", "author": "Tyler Solvestri", "channel": "UCIWGOUPOsu1-TL1DSWvpRKg", "votes": "1", "photo": "https://yt3.ggpht.com/ytc/AAUvwnhPHSeax5PXgZZGI0vliQMOPlPQXazlUgmAyADy75A=s176-c-k-c0x00ffffff-no-rj", "heart": false}
{"cid": "Ugx6umjAs8apTwFqm8R4AaABAg.9GUk5zW2QX69GWLX-MBGSl", "text": "¬†@Christian Gomez¬† The word \"soccer\" was made and used in England. \"World Soccer\" is also a British football magazine.", "time": "4Í∞úÏõî Ï†Ñ", "author": "gove kof", "channel": "UCxCRwFCisXYy2xMrwMTGB8Q", "votes": "5", "photo": "https://yt3.ggpht.com/ytc/AAUvwnj7_nsyodvklN8HY6CRyP-ZIt5UYUxLbYwQuqe3=s176-c-k-c0x00ffffff-no-rj", "heart": false}
{"cid": "Ugx6umjAs8apTwFqm8R4AaABAg.9GUk5zW2QX69GVFbwRnG1b", "text": "Your comment lost credibility when you said soccer", "time": "4Í∞úÏõî Ï†Ñ", "author": "Christian Gomez", "channel": "UCIB6agjjgvclHV8TF9gynlA", "votes": "18", "photo": "https://yt3.ggpht.com/ytc/AAUvwnhpZYgZBCsLKSykBgJpTEhoem1Zj1xaTkv3ydqveA=s176-c-k-c0x00ffffff-no-rj", "heart": false}
{"cid": "Ugx6umjAs8apTwFqm8R4AaABAg.9GUk5zW2QX69GV57-DgMgR", "text": "FOOTBALL*", "time": "4Í∞úÏõî Ï†Ñ", "author": "Erick Amaral", "channel": "UCh5cdO8fuxtV3ce95PmD6_A", "votes": "4", "photo": "https://yt3.ggpht.com/ytc/AAUvwnjg0RGFBVTJcc345Kl1Zo_rvMjfYhOn5ALWcQ=s176-c-k-c0x00ffffff-no-rj", "heart": false}
{"cid": "Ugx6umjAs8apTwFqm8R4AaABAg.9GUk5zW2QX69GUzYlBoWYo", "text": "Soccer ü§£ü§£", "time": "4Í∞úÏõî Ï†Ñ", "author": "Milad Ibrahim", "channel": "UCoBGO0rfyovjxV3wdRgn1zQ", "votes": "4", "photo": "https://yt3.ggpht.com/ytc/AAUvwnhWTFtkqH7Mg9gV9C-AV79WcaDPf8V6hhnwsYce1g=s176-c-k-c0x00ffffff-no-rj", "heart": false}
{"cid": "UgyJF0L6TNeP_2mZts94AaABAg.9GUlmcatnRi9Gd01je9WmR", "text": "¬†@Tyler Solvestri¬† yeah it's getting ridiculous", "time": "4Í∞úÏõî Ï†Ñ", "author": "The Second Cuming", "channel": "UCQWqaecsFCtZ-gHflI6tXxw", "votes": "2", "photo": "https://yt3.ggpht.com/ytc/AAUvwngNcHHIfjGqf40l8NFrZzWbyxT1bEZEFLaVOvcc=s176-c-k-c0x00ffffff-no-rj", "heart": false}
{"cid": "UgyJF0L6TNeP_2mZts94AaABAg.9GUlmcatnRi9Gd-zqWyHJF", "text": "¬†@Mads Pedersen¬† agree.", "time": "4Í∞úÏõî Ï†Ñ", "author": "The Second Cuming", "channel": "UCQWqaecsFCtZ-gHflI6tXxw", "votes": "0", "photo": "https://yt3.ggpht.com/ytc/AAUvwngNcHHIfjGqf40l8NFrZzWbyxT1bEZEFLaVOvcc=s176-c-k-c0x00ffffff-no-rj", "heart": false}
{"cid": "UgyJF0L6TNeP_2mZts94AaABAg.9GUlmcatnRi9GcxJqBS01m", "text": "Not in today's western world bruh", "time": "4Í∞úÏõî Ï†Ñ", "author": "Tyler Solvestri", "channel": "UCIWGOUPOsu1-TL1DSWvpRKg", "votes": "4", "photo": "https://yt3.ggpht.com/ytc/AAUvwnhPHSeax5PXgZZGI0vliQMOPlPQXazlUgmAyADy75A=s176-c-k-c0x00ffffff-no-rj", "heart": false}
{"cid": "UgyJF0L6TNeP_2mZts94AaABAg.9GUlmcatnRi9GVNuCmch3M", "text": "There should be two trophies. Male and female.", "time": "4Í∞úÏõî Ï†Ñ", "author": "Mads Pedersen", "channel": "UCO74JldQ18UoLX_Bgsn5drA", "votes": "38", "photo": "https://yt3.ggpht.com/ytc/AAUvwniHxj4IedzTlcaVba-gILjUj_8442lfVuToow=s176-c-k-c0x00ffffff-no-rj", "heart": false}
{"cid": "Ugxenc9i3P3khZFR8-R4AaABAg.9GVCnUwyn-J9HLnbmn0-R5", "text": "was only chosen to give the women something to cheer for", "time": "3Í∞úÏõî Ï†Ñ", "author": "Voldemort Judges", "channel": "UC5WWEX99aD6rsTSgvnYOD5Q", "votes": "0", "photo": "https://yt3.ggpht.com/ytc/AAUvwnh6N4eirkE-mXvB9d6PknyW5V1HMJt_VCskO8g_=s176-c-k-c0x00ffffff-no-rj", "heart": false}
{"cid": "Ugxenc9i3P3khZFR8-R4AaABAg.9GVCnUwyn-J9HGLJXwnNbZ", "text": "COUGH Reece James", "time": "3Í∞úÏõî Ï†Ñ", "author": "Mathias", "channel": "UCYRfk6dDIaCnihSgKhW6_jA", "votes": "0", "photo": "https://yt3.ggpht.com/ytc/AAUvwnieNTE8-ENFYSDp5z2Mw7IDtX7STFMpmTgBUhtQ8w=s176-c-k-c0x00ffffff-no-rj", "heart": false}
{"cid": "Ugxenc9i3P3khZFR8-R4AaABAg.9GVCnUwyn-J9GhDX1ITH7W", "text": "Don't care what you think", "time": "4Í∞úÏõî Ï†Ñ", "author": "rarahahaharrararaara", "channel": "UCGol-9iZtxsXfVTrx3U6KUQ", "votes": "0", "photo": "https://yt3.ggpht.com/ytc/AAUvwnidD6_62NQlyze0Uw6h5W4RkU78elaq3jVWiw=s176-c-k-c0x00ffffff-no-rj", "heart": false}
{"cid": "Ugxenc9i3P3khZFR8-R4AaABAg.9GVCnUwyn-J9GeM0qGHayp", "text": "Utd fan", "time": "4Í∞úÏõî Ï†Ñ", "author": "mrclswet Editordizz player", "channel": "UCeB7z7NMVn7I95RLN2VVqdA", "votes": "0", "photo": "https://yt3.ggpht.com/ytc/AAUvwngBxvTD4lmpWJsgWqB1Qc-9Is1ZNHwX8l0f1Ik8=s176-c-k-c0x00ffffff-no-rj", "heart": false}
{"cid": "UgyqrHuk7NpX4tTsyJJ4AaABAg.9GVX3iO3ksJ9Gp-cgypod_", "text": "I can probably name over 50 goals better than this one that didnt get nominated", "time": "3Í∞úÏõî Ï†Ñ", "author": "Rhys Aldhouse", "channel": "UC-WRlItop9tAIwpkCI7oGTw", "votes": "2", "photo": "https://yt3.ggpht.com/ytc/AAUvwniJen6-eLExU0wEIMbF0Qt1r4GVnwaXYcJ8lDgX4Q=s176-c-k-c0x00ffffff-no-rj", "heart": false}
{"cid": "UgyqrHuk7NpX4tTsyJJ4AaABAg.9GVX3iO3ksJ9GfV-WeRxCx", "text": "nice try", "time": "4Í∞úÏõî Ï†Ñ", "author": "mr.1n5an_e", "channel": "UCHGLFwBkreFJEAfbjiEPqsg", "votes": "2", "photo": "https://yt3.ggpht.com/ytc/AAUvwnjlPNueGzORz4e_1u8BPZ7994dWhzTseVDK59-hXg=s176-c-k-c0x00ffffff-no-rj", "heart": false}
{"cid": "UgxjZC8GsajN0K-w63h4AaABAg.9GXNQI98YHW9GbwQo2r-89", "text": "¬†@TechNeTium43¬† No problems, bro!", "time": "4Í∞úÏõî Ï†Ñ", "author": "Gabriel Santos", "channel": "UCnZ0Ipzak3Ytsd3Y0pmazLQ", "votes": "0", "photo": "https://yt3.ggpht.com/ytc/AAUvwngpJsTv4oq_M_-nsPCCOJztfJ-n0m6RZXtOR5YoTQ=s176-c-k-c0x00ffffff-no-rj", "heart": false}
{"cid": "UgxjZC8GsajN0K-w63h4AaABAg.9GXNQI98YHW9GblCwvuukr", "text": "¬†@Gabriel Santos¬† forgot to delete this after noticing that fact in another nominee\nThx anyways", "time": "4Í∞úÏõî Ï†Ñ", "author": "TechNeTium43", "channel": "UCxVtP2sbA5Q638r3g9E4_8A", "votes": "0", "photo": "https://yt3.ggpht.com/ytc/AAUvwnjMotOKr0GGoMKDoCYIvnLdozu4QD7j3jA8qD-Sdg=s176-c-k-c0x00ffffff-no-rj", "heart": false}
{"cid": "UgxjZC8GsajN0K-w63h4AaABAg.9GXNQI98YHW9GbkrClg8vg", "text": "The period of P√∫skas is from July 2019 to July 2020. The Arrascaeta's goal is from August 2019 per example", "time": "4Í∞úÏõî Ï†Ñ", "author": "Gabriel Santos", "channel": "UCnZ0Ipzak3Ytsd3Y0pmazLQ", "votes": "1", "photo": "https://yt3.ggpht.com/ytc/AAUvwngpJsTv4oq_M_-nsPCCOJztfJ-n0m6RZXtOR5YoTQ=s176-c-k-c0x00ffffff-no-rj", "heart": false}
{"cid": "UgxUki2vYpC76U68T3h4AaABAg", "text": "First", "time": "4Í∞úÏõî Ï†Ñ", "author": "XAVI BONILLA", "channel": "UCcl_lk-2BwikNx_InKXd_DQ", "votes": "0", "photo": "https://yt3.ggpht.com/ytc/AAUvwni1WYDa1BD-62k6ykLKTMAuisjyU6RV6tyL2Am8=s176-c-k-c0x00ffffff-no-rj", "heart": false}
{"cid": "Ugx9f7txd2gK50V4-JB4AaABAg", "text": "noice", "time": "4Í∞úÏõî Ï†Ñ", "author": "A Rod", "channel": "UCKyQpTOtx-V5bz3hQhXQEVw", "votes": "0", "photo": "https://yt3.ggpht.com/ytc/AAUvwniivvFGLh6fHN3vR_cCRD2Gl3rGcBYUuuFNbg=s176-c-k-c0x00ffffff-no-rj", "heart": false}
