{"cid": "Ugzpm8wYb2XdWVn-wDZ4AaABAg", "text": "Better than Son", "time": "3Í∞úÏõî Ï†Ñ", "author": "koljem cetnike povoljno", "channel": "UC9Mh-6yFd1kOxCdTFNcC9Uw", "votes": "0", "photo": "https://yt3.ggpht.com/ytc/AAUvwnj2PPzpu-NBdvkL252VR07wCnqwvajjdLcZaRQ_aQ=s176-c-k-c0x00ffffff-no-rj", "heart": false}
{"cid": "UgwD-kaUp4gxg4q4oPZ4AaABAg", "text": "I know Son will win this year, but this is the one for me.", "time": "3Í∞úÏõî Ï†Ñ", "author": "Jason HK", "channel": "UC5o5Oo8tLp6TSYhyIihPNKg", "votes": "0", "photo": "https://yt3.ggpht.com/ytc/AAUvwnixIdMmaH7usiLM34yUASA1mq_jpiOV6vDk2fDq8Q=s176-c-k-c0x00ffffff-no-rj", "heart": false}
{"cid": "Ugw4HIyF8DwbI6P1RMh4AaABAg", "text": "100x times better than sons goal.", "time": "3Í∞úÏõî Ï†Ñ", "author": "Foxtrot6624", "channel": "UCG7_KFgXykwdnhqdQioHdXQ", "votes": "0", "photo": "https://yt3.ggpht.com/ytc/AAUvwng30LAK9UpeCrscdibx3NKHDwMszZuy41GGtA=s176-c-k-c0x00ffffff-no-rj", "heart": false}
{"cid": "UgyY7TKCHNosmiIV92p4AaABAg", "text": "Yaya toure goals same  energyyy!!", "time": "3Í∞úÏõî Ï†Ñ", "author": "Joel Mendoza", "channel": "UCseBAPXWYWqB5_G0LU0-nSg", "votes": "0", "photo": "https://yt3.ggpht.com/ytc/AAUvwnh-Mv0jXgZ7raqJxpVaF9Ov2VanqQIcs90gJrIs=s176-c-k-c0x00ffffff-no-rj", "heart": false}
{"cid": "Ugzz1f_zfjd-qE97b3J4AaABAg", "text": "Wow! Absolutely amazing.. this guy definitely used long shot sliders üòÇ", "time": "3Í∞úÏõî Ï†Ñ", "author": "Anwar Ramadhan", "channel": "UC6_JmjU6jZThth9X5dVApJw", "votes": "0", "photo": "https://yt3.ggpht.com/ytc/AAUvwnh4HZo67mQTpX7pONQzyvhJynafhixxJbxce56jsQ=s176-c-k-c0x00ffffff-no-rj", "heart": false}
{"cid": "UgxyTxHWWJZ7I-xm_wB4AaABAg", "text": "ntate hlompho", "time": "3Í∞úÏõî Ï†Ñ", "author": "Austin Khodumo", "channel": "UCop1To_RQyDAvG0Ac1kVwHA", "votes": "0", "photo": "https://yt3.ggpht.com/ytc/AAUvwnghOGkEO9j-3DkCYiCh9pYCBJJSRrbuNQ0fOw=s176-c-k-c0x00ffffff-no-rj", "heart": false}
{"cid": "UgzUeJ-dN9i-wBYrxg14AaABAg", "text": "winner 4sure", "time": "3Í∞úÏõî Ï†Ñ", "author": "TargetDown97", "channel": "UC-4AwNK3h-wftAH5iAkIO1A", "votes": "0", "photo": "https://yt3.ggpht.com/ytc/AAUvwnhyj19Zrz7iDVTkrF3jGLjroWOrilgn5IhbRrhR_A=s176-c-k-c0x00ffffff-no-rj", "heart": false}
{"cid": "UgxLcLDngtqDAV4a_Gh4AaABAg", "text": "1.", "time": "3Í∞úÏõî Ï†Ñ", "author": "Valon", "channel": "UC7fgJW-hjz3AhqcsLWzFkdw", "votes": "0", "photo": "https://yt3.ggpht.com/ytc/AAUvwnjht-OnyyZt9Lsf2w2wjZsXD_IPSAS0tQ6kUEUPdw=s176-c-k-c0x00ffffff-no-rj", "heart": false}
{"cid": "Ugwzpo3GtkMOwB5atC54AaABAg", "text": "man.. even in slow mo it looks fast", "time": "3Í∞úÏõî Ï†Ñ", "author": "ah kong", "channel": "UCeiktUb2FxEoWr-B_NQmRxg", "votes": "1", "photo": "https://yt3.ggpht.com/ytc/AAUvwnhmkWXx_-lSLgIAWF1laXEjEjtM_-EWcKpSb5F_ZQ=s176-c-k-c0x00ffffff-no-rj", "heart": false}
{"cid": "UgwPtwzhWLJUmWHeQ6V4AaABAg", "text": "Hlompo Kekana is a star and he deserve  the best as well. With this words I would like to say you are a Champion", "time": "3Í∞úÏõî Ï†Ñ(ÏàòÏ†ïÎê®)", "author": "Sello Makhua", "channel": "UCa-MtRrrT3wk9-Fzh8Sy26Q", "votes": "0", "photo": "https://yt3.ggpht.com/ytc/AAUvwnggBbImwr3_4t8WEZD4ryJl9LdtYS7SXDbh9AxrjQ=s176-c-k-c0x00ffffff-no-rj", "heart": false}
{"cid": "Ugx0rv3jLxDNgqc-Zdd4AaABAg", "text": "Cool üòé", "time": "3Í∞úÏõî Ï†Ñ", "author": "·ÑÄ·Ñâ", "channel": "UC4dO_9fNkobYIATia6gpDaA", "votes": "0", "photo": "https://yt3.ggpht.com/ytc/AAUvwnj70SHyj6D_-9FKUWXYrSJnRjV1Yx5KKJr4t_YF3w=s176-c-k-c0x00ffffff-no-rj", "heart": false}
{"cid": "UgyGZ60WzNK2y8lI0nN4AaABAg", "text": "This is really the moment when we say \"the keeper could do nothing to hold this ball\"", "time": "3Í∞úÏõî Ï†Ñ", "author": "Emre Noah", "channel": "UCJB0R_xLR61dDrlr1EIta8A", "votes": "0", "photo": "https://yt3.ggpht.com/ytc/AAUvwniitJjMPtgIDWCTrkgi8FzmHRfmRCrR8RCMEQbOjf4=s176-c-k-c0x00ffffff-no-rj", "heart": false}
{"cid": "Ugw0phqzTGhPVacDqGV4AaABAg", "text": "Son's goal was amazing but the shear power on this shot is incredible he should have won imo.", "time": "3Í∞úÏõî Ï†Ñ", "author": "Red Devler", "channel": "UC5mZ7L0Gq2h17GWlWS9s-ig", "votes": "2", "photo": "https://yt3.ggpht.com/ytc/AAUvwng5RHwg0xHb5ImpSSVckcApWsKuGUBejxjUTiRS=s176-c-k-c0x00ffffff-no-rj", "heart": false}
{"cid": "UgwMCdaJd8SYDeqbOH54AaABAg", "text": "This goal is mad", "time": "3Í∞úÏõî Ï†Ñ", "author": "Kirra Beats", "channel": "UCCKYSEK5EHEJiyXsfT_SRmA", "votes": "0", "photo": "https://yt3.ggpht.com/ytc/AAUvwnhRYuWfP0L7z1WXQUFXVzdQu_VJW4t6wmP-Zw=s176-c-k-c0x00ffffff-no-rj", "heart": false}
{"cid": "Ugwr6Q4Q7b5nWZRHl214AaABAg", "text": "Hlompho is a long ranger, a master of long range shots!", "time": "3Í∞úÏõî Ï†Ñ", "author": "TERRENCE MATHAFENG", "channel": "UCPz_SQa8yEAnVkykVuHuMog", "votes": "0", "photo": "https://yt3.ggpht.com/ytc/AAUvwnjWe-Qy6YXX2IXvQZt4N0xChyl4Jdf6Lr5jKAhVMg=s176-c-k-c0x00ffffff-no-rj", "heart": false}
{"cid": "UgypUXw06C8Kee9m_4p4AaABAg", "text": "Should have at least been a finalist", "time": "3Í∞úÏõî Ï†Ñ", "author": "Joel Battsek", "channel": "UCTyb8YcBkR_vjid3bPROHow", "votes": "0", "photo": "https://yt3.ggpht.com/ytc/AAUvwni0PD0cOw71P_WLQAOb1v7I9AfN7FPrZwXkMZvI=s176-c-k-c0x00ffffff-no-rj", "heart": false}
{"cid": "Ugwl_QCjRa4fHc8xFH14AaABAg", "text": "Perfect", "time": "3Í∞úÏõî Ï†Ñ", "author": "TwinkyDK", "channel": "UCA_WyqlsiauKzcZ5oU-dOdQ", "votes": "0", "photo": "https://yt3.ggpht.com/ytc/AAUvwnhfJeuucAVWHIE-ssVHYBDXiimzGtKaR7iOkGgDYw=s176-c-k-c0x00ffffff-no-rj", "heart": false}
{"cid": "UgyrdGogRYLc_k8wLUN4AaABAg", "text": "Kekana\nremove the \"ana\"\nKek\nü§£", "time": "1Í∞úÏõî Ï†Ñ", "author": "Brazilian Daft Punk Fan", "channel": "UCIl8kjliTW19-gIdp6CL3ww", "votes": "1", "photo": "https://yt3.ggpht.com/ytc/AAUvwnj5vd6eN1vAsOsArNlzbyHBDEguJNPmsT6UQdTuQw=s176-c-k-c0x00ffffff-no-rj", "heart": false}
{"cid": "Ugxjesdw0KXrI_HgK9h4AaABAg", "text": "Fifa vai tomar no rabo voces roubaram o arrascaeta!", "time": "3Ï£º Ï†Ñ", "author": "EXPLORADOR MARCIANO", "channel": "UCjIW9qp6iJnOHNHD1QU82Dg", "votes": "1", "photo": "https://yt3.ggpht.com/ytc/AAUvwni4NkZmC70Gg7j_tINrjc_T7-jobOo_QMF03WpC_w=s176-c-k-c0x00ffffff-no-rj", "heart": false}
{"cid": "Ugw7tSWUCvVRsksN6GV4AaABAg", "text": "Che kanata", "time": "2Ï£º Ï†Ñ", "author": "matte ange", "channel": "UCZCZzB-HX-8NEQ-1Md_ptkw", "votes": "0", "photo": "https://yt3.ggpht.com/ytc/AAUvwnhSoJ3fxgH8_AXBg0TYiiF4S9SsTZiLyBmeDs5i_0o=s176-c-k-c0x00ffffff-no-rj", "heart": false}
{"cid": "UgzdYjYo_YdIFMiPBM94AaABAg", "text": "He has been scoring these type of goals throughout his career, am not surprise fifa shortlisted him. I hope he wins", "time": "3Í∞úÏõî Ï†Ñ", "author": "DJ Lenny Black Lenny", "channel": "UC7RoKkJuAsPrtFU9fqUY_Vw", "votes": "0", "photo": "https://yt3.ggpht.com/ytc/AAUvwnhNS00WbLcseasigyrWejY3l9rJ_AGRYlsWjcxb=s176-c-k-c0x00ffffff-no-rj", "heart": false}
{"cid": "UgxcFApivTj8g6ONuOl4AaABAg", "text": "2nd or 3rd time nominated for Puskas?", "time": "3Í∞úÏõî Ï†Ñ", "author": "Abdalla SA", "channel": "UCQE2xfSNcpWRv2xzDX4m6qw", "votes": "0", "photo": "https://yt3.ggpht.com/ytc/AAUvwniCxCIs3LHiWCcsKD_ggoYWl9qmHMViC6m4Tg=s176-c-k-c0x00ffffff-no-rj", "heart": false}
{"cid": "Ugxr8bXBYQhRzEkzyoF4AaABAg", "text": "It was fired from too far away", "time": "3Í∞úÏõî Ï†Ñ", "author": "Paul Kint", "channel": "UCPXAqpdbOrOTRINXmSFZTOA", "votes": "0", "photo": "https://yt3.ggpht.com/ytc/AAUvwniM-8a3Lc3KOqC243KjX1kEGptjKlpu-KWeEq9z=s176-c-k-c0x00ffffff-no-rj", "heart": false}
{"cid": "Ugyc_eEVNwhD4N8ZB714AaABAg", "text": "This", "time": "3Í∞úÏõî Ï†Ñ", "author": "Antoxa Sher", "channel": "UCkU5CwWMC2jco_V6Ds7BCxA", "votes": "0", "photo": "https://yt3.ggpht.com/ytc/AAUvwngaQCK-FOY4EvuANTqnPYw6Fb-xwLOmYvtZsyUH0w=s176-c-k-c0x00ffffff-no-rj", "heart": false}
{"cid": "Ugw7n8gzhHDslL2f_9d4AaABAg", "text": "üòÇü§£üòÇüòÇNow you see me\nNow you don't. \nWowüòùüòù", "time": "3Í∞úÏõî Ï†Ñ", "author": "MYBuba the genius", "channel": "UCYVJZVRX-0INTWo4RBl7IwQ", "votes": "1", "photo": "https://yt3.ggpht.com/ytc/AAUvwngXDT0g4-MFOQBbhenRWbiRgWMNOfz_cfwMrNXP=s176-c-k-c0x00ffffff-no-rj", "heart": false}
{"cid": "UgyTi_CPM4kKPCkt33d4AaABAg", "text": "This was number 2 for me (I picked Son for number 1)", "time": "3Í∞úÏõî Ï†Ñ", "author": "JiSo", "channel": "UCix6TUZSIg8Sj34f7bf857g", "votes": "0", "photo": "https://yt3.ggpht.com/ytc/AAUvwnhzDMWAatZTafb4m04pVYJrJB6Bw-tpag4X22Po=s176-c-k-c0x00ffffff-no-rj", "heart": false}
{"cid": "UgwHTWLVAVyRvkLLq6h4AaABAg", "text": "I cant even see the ball", "time": "3Í∞úÏõî Ï†Ñ", "author": "Ammar Adzfar", "channel": "UCU4fYT8dUAXxLG4P8aQYYeQ", "votes": "0", "photo": "https://yt3.ggpht.com/ytc/AAUvwnhUUmJuiSf6DT2YJrYX9oE06YaIcVc3m98Okae6A_A=s176-c-k-c0x00ffffff-no-rj", "heart": false}
{"cid": "Ugz5PCwzvricE9ph5y14AaABAg", "text": "I love how the guy in white looks completely stunted at 0:16", "time": "3Í∞úÏõî Ï†Ñ(ÏàòÏ†ïÎê®)", "author": "Huong Nguyen", "channel": "UCeDx77zHVhHLHHl-4l1qnQQ", "votes": "2", "photo": "https://yt3.ggpht.com/ytc/AAUvwnhJEYgfbyyRHvYFHAU6_SUm1rY5Zdy_IMWXkQ=s176-c-k-c0x00ffffff-no-rj", "heart": false}
{"cid": "UgyYPgBaP67kXkJ8bkd4AaABAg", "text": "bien jou√© Hlompho!", "time": "3Í∞úÏõî Ï†Ñ", "author": "Jean Rillet", "channel": "UCnx5tILTj6ttDrWxzDmux7Q", "votes": "0", "photo": "https://yt3.ggpht.com/ytc/AAUvwniWhBv5WS8zPnV-Gs_0hecmAlSBO7pR0QnPwWkgdQ=s176-c-k-c0x00ffffff-no-rj", "heart": false}
{"cid": "UgzjG6Ac38A2Cpq7iBl4AaABAg", "text": "Wow This is a super Bom, excellent!!!!!", "time": "3Í∞úÏõî Ï†Ñ", "author": "Cris Jeanpiero Brait", "channel": "UC-2n1JUX-sNe6NdZI7FDj8A", "votes": "0", "photo": "https://yt3.ggpht.com/ytc/AAUvwngwUrwQKplS9EYkIWsJO1o0ID9KaPJWLf395aluYA=s176-c-k-c0x00ffffff-no-rj", "heart": false}
{"cid": "Ugxm-H6pF3poAd1kyQV4AaABAg", "text": "The swerve and accuracy should be ILLEGAL", "time": "3Í∞úÏõî Ï†Ñ", "author": "Abraham Espinoza", "channel": "UClKB-_323Z_MlgbvLw3LzKw", "votes": "0", "photo": "https://yt3.ggpht.com/ytc/AAUvwnhy44SO9XfvHQpWAIA5EoYnx2aaATig_-G2tK-UeQ=s176-c-k-c0x00ffffff-no-rj", "heart": false}
{"cid": "UgwAtMRgVHt3brwVZZt4AaABAg", "text": "Floyd Mayweather can't believe what he just saw @ 0:16", "time": "3Í∞úÏõî Ï†Ñ", "author": "Drayton D'Silva", "channel": "UCtTi5onvZ0rieWqEnTpmElA", "votes": "0", "photo": "https://yt3.ggpht.com/ytc/AAUvwnj_NNqZ_96S2nPhdxW4aDuIDjxQTOezUZjX6evfQA=s176-c-k-c0x00ffffff-no-rj", "heart": false}
{"cid": "UgwPk28_GSg3NwVo7Q54AaABAg", "text": "The guy with the hat at 0:15... \"since when did we sign Esteban Cambiasso\" lol", "time": "3Í∞úÏõî Ï†Ñ(ÏàòÏ†ïÎê®)", "author": "RyanT_W", "channel": "UCSnAQ-4CPGdKYs4ZEwrNecA", "votes": "0", "photo": "https://yt3.ggpht.com/ytc/AAUvwnhczpMOU8bBF_B1tlU9qeTnhL6W3pcAYEqPGppK=s176-c-k-c0x00ffffff-no-rj", "heart": false}
{"cid": "Ugx0CIUgvWPYueJDgmt4AaABAg", "text": "I feel for the keeper. He looks lost.", "time": "3Í∞úÏõî Ï†Ñ", "author": "cegb", "channel": "UC8KINXvMoOqcVu7KrA4gQ-g", "votes": "0", "photo": "https://yt3.ggpht.com/ytc/AAUvwniC36df98ihEF5nJbp84urOjA8SFLw0DUf8TOE9HA=s176-c-k-c0x00ffffff-no-rj", "heart": false}
{"cid": "UgyvW1EEkAQDaskWuft4AaABAg", "text": "The ethereal loss experimentally rule because wren positionally spoil barring a ugliest argentina. adaptable, thankful sailboat", "time": "3Í∞úÏõî Ï†Ñ", "author": "sneaker bot", "channel": "UCXEimUG7800L-RSa4INpEIQ", "votes": "0", "photo": "https://yt3.ggpht.com/ytc/AAUvwnjfVlzuTaPcdirLg-gzq_3qqrlA1TGICHTFLQ=s176-c-k-c0x00ffffff-no-rj", "heart": false}
{"cid": "Ugz1GNo6qUR9a8BtAMJ4AaABAg", "text": "this one!!", "time": "3Í∞úÏõî Ï†Ñ", "author": "Anelisa Meyiwa", "channel": "UCSbk6xiZOVBcRIR0e5C3Hkg", "votes": "0", "photo": "https://yt3.ggpht.com/ytc/AAUvwniOOr5A3t37F6en1eZdPRL7mcY_SEzEZ8usVg=s176-c-k-c0x00ffffff-no-rj", "heart": false}
{"cid": "UgzYLLaBaGAZgwZYQp14AaABAg", "text": "from this clip I think we can call him the african Gerrard\nWOW", "time": "3Í∞úÏõî Ï†Ñ(ÏàòÏ†ïÎê®)", "author": "Giovanni Marques", "channel": "UC1faA91g7rqN2clvsu0nKHQ", "votes": "0", "photo": "https://yt3.ggpht.com/ytc/AAUvwnjvz0YIfYsYbbgzlDw6_dZRIUBfZ0ZcQi7x1_SGOQ=s176-c-k-c0x00ffffff-no-rj", "heart": false}
{"cid": "UgzgB9dJH4Yc8gsNjPR4AaABAg", "text": "This is the Pavard shot but longer. This deserves to win.", "time": "3Í∞úÏõî Ï†Ñ", "author": "Abhiram Gopal K.G", "channel": "UCHyaJwPSdWAuIr7Pwm4fBpg", "votes": "0", "photo": "https://yt3.ggpht.com/ytc/AAUvwnhspfkneb7UxOmGRUsOnSlt-UfCe0-c23CUGR1f=s176-c-k-c0x00ffffff-no-rj", "heart": false}
{"cid": "Ugz13JMNFfaUepFw5YV4AaABAg", "text": "This is definitely one of the better ones", "time": "3Í∞úÏõî Ï†Ñ", "author": "Friedrich Siefferman", "channel": "UCae2gaf7dJXvfORO6lZPE3Q", "votes": "0", "photo": "https://yt3.ggpht.com/ytc/AAUvwnh3U5wSvId4TolQVKT_MP405RtGPo3joxz7eJ_4fw=s176-c-k-c0x00ffffff-no-rj", "heart": false}
{"cid": "UgwF5fNNTjG5azIESt54AaABAg", "text": "my winner üòç", "time": "3Í∞úÏõî Ï†Ñ", "author": "Salt and Pepe", "channel": "UC3YmZmlb6V_fCHyVmPFidPA", "votes": "0", "photo": "https://yt3.ggpht.com/ytc/AAUvwniaWs65SYPHVG6hOH3ugQKSbwKfdiO3YdZ1XfUK=s176-c-k-c0x00ffffff-no-rj", "heart": false}
{"cid": "UgyvW1EEkAQDaskWuft4AaABAg.9H4JJgKJ8Ko9H6Fz699792", "text": "Whut?", "time": "3Í∞úÏõî Ï†Ñ", "author": "Life Loses", "channel": "UC21WFGXkad8FDHSg-HreoeA", "votes": "0", "photo": "https://yt3.ggpht.com/ytc/AAUvwnj_KuO-S33gUMXSFQcmb9MWEq1pmB5kYY9qErrU_w=s176-c-k-c0x00ffffff-no-rj", "heart": false}
{"cid": "Ugway9waF6fjIHUnaPZ4AaABAg", "text": "Africa have any unique goal", "time": "4Í∞úÏõî Ï†Ñ(ÏàòÏ†ïÎê®)", "author": "yoga fernanda", "channel": "UCrkB4AayeMld_XCvLwTkt9g", "votes": "0", "photo": "https://yt3.ggpht.com/ytc/AAUvwnic7IL8frvTd7pfRBgV0_OckNAK-ZR5j-6jJA=s176-c-k-c0x00ffffff-no-rj", "heart": false}
{"cid": "Ugz7W01OhKQgZeMFf5l4AaABAg", "text": "pum", "time": "4Í∞úÏõî Ï†Ñ", "author": "Josemaria Mpeyo", "channel": "UCWbeqjRz8YcdeAEEbYKdQOA", "votes": "0", "photo": "https://yt3.ggpht.com/ytc/AAUvwnii_IcYZdIK-CzyCU8Go92bLymvN0V7iHWhPQ=s176-c-k-c0x00ffffff-no-rj", "heart": false}
{"cid": "UgzkxaOHwBRMCWo9NaJ4AaABAg", "text": "The greatest of all time in terms of long range goals!!  Hlompo Kekana!", "time": "4Í∞úÏõî Ï†Ñ", "author": "Seamus Coetzee", "channel": "UCiPXy3DrTP1Sn5GFBFd2pXw", "votes": "0", "photo": "https://yt3.ggpht.com/ytc/AAUvwnggoCMEhaB-gufILlrDj3h4PTxupWyutJUEiA=s176-c-k-c0x00ffffff-no-rj", "heart": false}
{"cid": "UgzT3jnsLSbsJtnC-TF4AaABAg", "text": "This is the one", "time": "4Í∞úÏõî Ï†Ñ", "author": "Moses Dube", "channel": "UC6u9TgAFwv9gCeqq1oFWgHg", "votes": "0", "photo": "https://yt3.ggpht.com/ytc/AAUvwnh4STp09Tdm9B_XsLYga-ZeeAIS73W-T7AR1A=s176-c-k-c0x00ffffff-no-rj", "heart": false}
{"cid": "UgwJTHoRpTlV6Ubf4Wh4AaABAg", "text": "Shot power 99", "time": "4Í∞úÏõî Ï†Ñ", "author": "Rizki Ramadhana", "channel": "UCg-yARQydyJzLeBXQpLBsmw", "votes": "0", "photo": "https://yt3.ggpht.com/ytc/AAUvwngdtZN_clPhThPqaMdiGUdKCA3rtO4y74e5wcXv9Fc=s176-c-k-c0x00ffffff-no-rj", "heart": false}
{"cid": "UgxvZU2Xo8bXKVkVWPV4AaABAg", "text": "Reminds me of CR's goal vs Porto in 2009 which also won the Puskas award.", "time": "4Í∞úÏõî Ï†Ñ", "author": "Thyagarajan Venkatanarayanan", "channel": "UCzhMf81f4tow-eoQE9lrmvQ", "votes": "0", "photo": "https://yt3.ggpht.com/ytc/AAUvwnjI9dS-pWz2GUndgqYtOPa_hmMenszdPtDt77u5WH4=s176-c-k-c0x00ffffff-no-rj", "heart": false}
{"cid": "UgyjhuIEK8_PmHHmLLd4AaABAg", "text": "0:16 White shirt, blue cap\n\"What just happened???\"", "time": "3Í∞úÏõî Ï†Ñ", "author": "Zachalak", "channel": "UCvWKJT8anjyCuwk07meKXPQ", "votes": "19", "photo": "https://yt3.ggpht.com/ytc/AAUvwnj-ZQZv_3JLQhw6R_b-0TTHXUbN_JEPammrnqYAjA=s176-c-k-c0x00ffffff-no-rj", "heart": false}
{"cid": "UgyWNaK1pjYWJ8BQcBN4AaABAg", "text": "this is the goal for me", "time": "3Í∞úÏõî Ï†Ñ", "author": "thomas morolong", "channel": "UCqOs03jBwVm4XKUR4YXs0UQ", "votes": "0", "photo": "https://yt3.ggpht.com/ytc/AAUvwnjLdQ0DqA94pZq7PqySW2MluOHh262yBOLPjw=s176-c-k-c0x00ffffff-no-rj", "heart": false}
{"cid": "Ugw0cnZqJkxxkO2LBFJ4AaABAg", "text": "I thought Brazil team", "time": "3Í∞úÏõî Ï†Ñ", "author": "Double Z", "channel": "UCxwkWppimZ1OYDEux2NeMOA", "votes": "0", "photo": "https://yt3.ggpht.com/ytc/AAUvwnhwnTsbnhwoOUaSxetXI3iCk3zOEQUl6N0gCA=s176-c-k-c0x00ffffff-no-rj", "heart": false}
{"cid": "Ugymm3tn-j2RFsiSsCp4AaABAg", "text": "They will never give him but hope he brings the puskas to SA", "time": "3Í∞úÏõî Ï†Ñ", "author": "Coolen Des", "channel": "UCxPEvckgjV3FP3wnhWzmprA", "votes": "0", "photo": "https://yt3.ggpht.com/ytc/AAUvwnjSJu8M-MuiNgw7USkrDecYQZKIXZKuSE94Zw=s176-c-k-c0x00ffffff-no-rj", "heart": false}
{"cid": "Ugzh1Fx2HBmSjAbtB794AaABAg", "text": "üî•Vamos! Excelenteüî• Before a big match or now when I training at home, I always watch GOL movie on the youtube and then put on playlist the rock band Delta Parole for warmup and then GO GO GOOOLLL!!!!!", "time": "3Í∞úÏõî Ï†Ñ", "author": "shoota17", "channel": "UCBmGOmGrEaewkzlBnNKWXkQ", "votes": "0", "photo": "https://yt3.ggpht.com/ytc/AAUvwnjVLIdt91lYJz5lhLadl2oZfsYQyR6wI2wFFnWs=s176-c-k-c0x00ffffff-no-rj", "heart": false}
{"cid": "Ugzxuhf7DDqY5ucx2_V4AaABAg", "text": "Vote for Hlompo to win it...Lets GO AFRICA!!", "time": "3Í∞úÏõî Ï†Ñ", "author": "Samuel Maraba", "channel": "UChrU-q__UAbPOxCiyCIzBiQ", "votes": "0", "photo": "https://yt3.ggpht.com/ytc/AAUvwnik9mDPZ1B9-N3wxvI-tClFf9Q17Ryxp1BAHQ=s176-c-k-c0x00ffffff-no-rj", "heart": false}
{"cid": "UgxEroqdUhOEV9fj-xp4AaABAg", "text": "\"He's got a foot like a traction engine!\"", "time": "3Í∞úÏõî Ï†Ñ", "author": "Bill Cowie", "channel": "UCpkT9P_WLlvkCXJOqU2sQLA", "votes": "0", "photo": "https://yt3.ggpht.com/ytc/AAUvwnhoP8H-Gtl1Y-tSN1JN6yWUN0AlXWD-t8S3RlMl=s176-c-k-c0x00ffffff-no-rj", "heart": false}
{"cid": "Ugy_QK9s2obFRjhzb-J4AaABAg", "text": "ÿ¨ŸÖŸäŸÑ ÿ¨ÿØÿß ŸàÿßŸÑŸÑŸá", "time": "3Í∞úÏõî Ï†Ñ", "author": "Moahmed Goaneam", "channel": "UCrEWuvhT2ItjuKT_8hJkwvA", "votes": "0", "photo": "https://yt3.ggpht.com/ytc/AAUvwnh67GXVaGLmFc3dBUkbwob01yKPdnLwXWtL48Lv=s176-c-k-c0x00ffffff-no-rj", "heart": false}
{"cid": "UgxT7Bie0834EjZECDJ4AaABAg", "text": "How do we vote?", "time": "3Í∞úÏõî Ï†Ñ", "author": "Mojakgomo Lepelle", "channel": "UC2CkByi3J5sKSCGBi2udK2Q", "votes": "0", "photo": "https://yt3.ggpht.com/ytc/AAUvwnhot4nPSo17BexdPZlvnEjRsZhPqvzxP2HlAg9LaA=s176-c-k-c0x00ffffff-no-rj", "heart": false}
{"cid": "UgyjJlZ_kkxV6o3bPoJ4AaABAg", "text": "Ohh yeahh", "time": "3Í∞úÏõî Ï†Ñ", "author": "Leruo Segalo", "channel": "UCRYf_F0M3NYS2fA3kNwODaw", "votes": "0", "photo": "https://yt3.ggpht.com/ytc/AAUvwnhiSylCfrQH2X_0g1OucMwdPih-kLA9jB-rQBkACQ=s176-c-k-c0x00ffffff-no-rj", "heart": false}
{"cid": "UgzqfietG1AUTF1m87R4AaABAg", "text": "Let's get behind Hlompho and vote, he deserves this one againüòÇüòÇ", "time": "3Í∞úÏõî Ï†Ñ(ÏàòÏ†ïÎê®)", "author": "Joey", "channel": "UCEQTasVZbiUQvJ5alqzyEdA", "votes": "0", "photo": "https://yt3.ggpht.com/ytc/AAUvwnjKK_gX9cSfFuM4NduM4tX51rXTMbjIwDO7bM1tBA=s176-c-k-c0x00ffffff-no-rj", "heart": false}
{"cid": "Ugy4v2Nig_FcGzqGcrt4AaABAg", "text": "This is absolutely the best one out of the 12. I'm only sad that it will lose to more popular names of Suarez and Son", "time": "3Í∞úÏõî Ï†Ñ", "author": "KUBADOMINO", "channel": "UCZexiMJ9_qFKBGbY13VWoXA", "votes": "1", "photo": "https://yt3.ggpht.com/ytc/AAUvwnimi-8L8rA0HVYRS-f_iCInOI3OD9DVafzalKQA=s176-c-k-c0x00ffffff-no-rj", "heart": false}
{"cid": "UgyOHx25MbY1ggNCL3t4AaABAg", "text": "Best one,  i go with Kekana's goal", "time": "3Í∞úÏõî Ï†Ñ", "author": "clement ntuli", "channel": "UCcAjSpQzK2W0bmZEgoY7DcQ", "votes": "0", "photo": "https://yt3.ggpht.com/ytc/AAUvwnjtBPofx5-LT5wbzlnQl8ftMF8ZCEOmmCXC_g=s176-c-k-c0x00ffffff-no-rj", "heart": false}
{"cid": "UgzSHXfg2qQehVA-W4p4AaABAg", "text": "My top 3: \n\n\nKekana\nSuarez\nSon.", "time": "3Í∞úÏõî Ï†Ñ", "author": "Lutendo Maboko", "channel": "UCky7O9o4Tt9v80YqUzN48_Q", "votes": "0", "photo": "https://yt3.ggpht.com/ytc/AAUvwnjeiqTVe-FC4zNweYTcnb3FL2f5yK4YJq-Ylg=s176-c-k-c0x00ffffff-no-rj", "heart": false}
{"cid": "Ugy2NOo71fcAMNfP8nR4AaABAg", "text": "Jesus", "time": "4Í∞úÏõî Ï†Ñ", "author": "Okke Dries", "channel": "UCcMgyLLO4XupLgknJ6NRANA", "votes": "2", "photo": "https://yt3.ggpht.com/ytc/AAUvwngl4EpuuCrDUV1Pp7G8-Hsz7PtoTm1jSKTuo-X9UQ=s176-c-k-c0x00ffffff-no-rj", "heart": false}
{"cid": "Ugz9U-DQAp7RhU9R5k14AaABAg", "text": "His goal was also nominated in 2016, I hope he wins this time around ü•µ", "time": "4Í∞úÏõî Ï†Ñ", "author": "Elvis Cekwane", "channel": "UCpQjLPXWXiIe1KL7fsr4XyA", "votes": "32", "photo": "https://yt3.ggpht.com/ytc/AAUvwniybI7NcdBxf9XzCp5j0cybIqBrYTC3shl8Y8jROg=s176-c-k-c0x00ffffff-no-rj", "heart": false}
{"cid": "Ugx57cXQvFFWkzEAvIJ4AaABAg", "text": "this should be awarded", "time": "4Í∞úÏõî Ï†Ñ", "author": "Ian Valle Kielar", "channel": "UCpiK6Vd2_MdAOyagzNSLmNg", "votes": "7", "photo": "https://yt3.ggpht.com/ytc/AAUvwnjlReWKGCp7YlaOUlBCC6FqXX4R2qQVWx7oIxN83w=s176-c-k-c0x00ffffff-no-rj", "heart": false}
{"cid": "UgweM44rMZFGpcfks3p4AaABAg", "text": "Best long range shot deserves a bells and Puskas award üëå", "time": "4Í∞úÏõî Ï†Ñ", "author": "Nathi Mtungwa", "channel": "UCc1oreArGuwlnA93dodyfRA", "votes": "9", "photo": "https://yt3.ggpht.com/ytc/AAUvwnhfR5pP9lO_NrbOGhUdrNK__OGtIhtYxNmdgnjTVQ=s176-c-k-c0x00ffffff-no-rj", "heart": false}
{"cid": "Ugx0I2KbQMVJzYxIW7d4AaABAg", "text": "South africa let's stand behind ntate Hlompho", "time": "4Í∞úÏõî Ï†Ñ", "author": "Chris Borrowme", "channel": "UCjV9OeTDL4X5SJKZrkMbTaw", "votes": "14", "photo": "https://yt3.ggpht.com/ytc/AAUvwniBny3_M-XhK_rvUF1zMoy4bCPlJdLiVcPGfl6Wow=s176-c-k-c0x00ffffff-no-rj", "heart": false}
{"cid": "UgwAcCwgAMXbsm9vz914AaABAg", "text": "Puskas!!", "time": "4Í∞úÏõî Ï†Ñ", "author": "V√≠tor Lopes Sccp", "channel": "UCsQZyBmfvtJrrR_fxOEchcQ", "votes": "2", "photo": "https://yt3.ggpht.com/ytc/AAUvwnhozueCuYWZewQiklaWlxKtFzMz7cMckPV5RGT6zA=s176-c-k-c0x00ffffff-no-rj", "heart": false}
{"cid": "UgyZE7zy1Rjw1FOWC8V4AaABAg", "text": "the best one", "time": "4Í∞úÏõî Ï†Ñ", "author": "markycupko", "channel": "UCYUMElpzI3rYqgLyKFjrbkw", "votes": "4", "photo": "https://yt3.ggpht.com/ytc/AAUvwnicYKK11IWF-Nd3W_50ceoquINELdCMJ3F23lgA=s176-c-k-c0x00ffffff-no-rj", "heart": false}
{"cid": "UgwTodES_G70R01MHHN4AaABAg", "text": "If Suarez doesn‚Äôt win it, this guy should win it", "time": "4Í∞úÏõî Ï†Ñ", "author": "Daniel Rodriguez", "channel": "UC4haHRnKBHdC8XE5_bKLpOw", "votes": "9", "photo": "https://yt3.ggpht.com/ytc/AAUvwnjkAekP4oxCFyzs4Ufh1JJX37kdLLZQm4CQTo7VqA=s176-c-k-c0x00ffffff-no-rj", "heart": false}
{"cid": "UgxjOEOLwWw9XFhcXMR4AaABAg", "text": "Hlompho üëçüëçüëçüèÖüèÖüèÖ", "time": "4Í∞úÏõî Ï†Ñ", "author": "Octopus H", "channel": "UCCabyeAF9KRFqrd6_BpcEag", "votes": "5", "photo": "https://yt3.ggpht.com/ytc/AAUvwnjQlVZKAbmg_r_yBaumX3Iq9E59FfPYbHaimQ=s176-c-k-c0x00ffffff-no-rj", "heart": false}
{"cid": "UgxYECxu989FwYCZ4OV4AaABAg", "text": "Clean, super, elegant , unbelievable, best.... You can name it, He deserves it!!", "time": "4Í∞úÏõî Ï†Ñ", "author": "kenny bongs", "channel": "UCnxsMPo8UszEewQMqJKFEUw", "votes": "6", "photo": "https://yt3.ggpht.com/ytc/AAUvwngMQY4oGfSJSkuPIAf2mtzPtSIvLR9aIk5gqg=s176-c-k-c0x00ffffff-no-rj", "heart": false}
{"cid": "Ugy0Eth7ODTS313S-WB4AaABAg", "text": "Imagine comparing the power of this strike to the one from Caroline Weir... People need to get their heads examine..", "time": "4Í∞úÏõî Ï†Ñ", "author": "Abarai Renji", "channel": "UCmMIA-2Jm0szRrg7ola-ExA", "votes": "3", "photo": "https://yt3.ggpht.com/ytc/AAUvwnjiwk5A2CIVhOC-IhJlIBdkV-cgDihjN7uHCH5i=s176-c-k-c0x00ffffff-no-rj", "heart": false}
{"cid": "Ugxm2xMntR_bgJ3JoZJ4AaABAg", "text": "this is the one fam", "time": "4Í∞úÏõî Ï†Ñ", "author": "AceChampElite", "channel": "UComWq2ZxBEOlIEPFGt2l97g", "votes": "1", "photo": "https://yt3.ggpht.com/ytc/AAUvwnioqGz6QxYIz9K7ms4dcULQlEnsKRiFLIV9lS57=s176-c-k-c0x00ffffff-no-rj", "heart": false}
{"cid": "Ugz2BRbJB-Eof534j1V4AaABAg", "text": "Wow, what a hit! Great to see a South African among the nominees, I hope he wins it!", "time": "4Í∞úÏõî Ï†Ñ", "author": "Dani√´l van Rooy", "channel": "UCk-9L0ZLSMZdD8cos6bRHpw", "votes": "11", "photo": "https://yt3.ggpht.com/ytc/AAUvwnjPtg9k0yBPbpK8RFp_FvkOvUlardcG_LscGBcxpA=s176-c-k-c0x00ffffff-no-rj", "heart": false}
{"cid": "UgzfjpeCHeVvQojFYCN4AaABAg", "text": "This guy üôåüèæ\nKgo≈°i ya Makwankwa mahloka kgomo ba ja motho ü§¥", "time": "4Í∞úÏõî Ï†Ñ", "author": "Andrew Phokwani", "channel": "UC-iVq_KSHAa3ag7u756L9OA", "votes": "1", "photo": "https://yt3.ggpht.com/ytc/AAUvwnisRxjuD628GPpfHSUip3MaSA_U7CGa05mb8Lox=s176-c-k-c0x00ffffff-no-rj", "heart": false}
{"cid": "Ugx6DnscDqiSnpjOh6t4AaABAg", "text": "Killed the whole team in 2 seconds. That quick dribble, the technique before shooting. Simply amazing. What a rocket . Cant decide between suarez or him", "time": "4Í∞úÏõî Ï†Ñ", "author": "Narayan Husic", "channel": "UClpIRR61rpoelDcvtTMZpeg", "votes": "4", "photo": "https://yt3.ggpht.com/ytc/AAUvwnhaXTiHi6TiAyISPkhylzRui7RVm_HXvg5sNg=s176-c-k-c0x00ffffff-no-rj", "heart": false}
{"cid": "UgwZs4XrVhz1Wh304DN4AaABAg", "text": "Hail king üëë KekanaüôåüèΩüôáüèΩ‚Äç‚ôÇÔ∏è", "time": "4Í∞úÏõî Ï†Ñ", "author": "Xola Ngcobo", "channel": "UC8WWLsU4JoeBiQwzccFcBZw", "votes": "1", "photo": "https://yt3.ggpht.com/ytc/AAUvwnjHPj4a3S3bUVUOzf1HvDO2DU8OiOG8PrPoqxdLkQ=s176-c-k-c0x00ffffff-no-rj", "heart": false}
{"cid": "UgyXwE-0RNXMdnu1_n14AaABAg", "text": "The Hlompho (Respect) Kekana specialist. He likes long range shots. Great execution, Goalkeeper stunned. He deserves this award(even the 2016 one)", "time": "4Í∞úÏõî Ï†Ñ(ÏàòÏ†ïÎê®)", "author": "Cliff Cliff", "channel": "UCsTj2Ci4k3CigVyrIFlGO_A", "votes": "5", "photo": "https://yt3.ggpht.com/ytc/AAUvwniD2PooBidJy7rENQegwbHjS-rkiwNzIYLBL75UHg=s176-c-k-c0x00ffffff-no-rj", "heart": false}
{"cid": "Ugyxw36e_Jg3RzXHgSF4AaABAg", "text": "BOOM!", "time": "4Í∞úÏõî Ï†Ñ", "author": "Religia Sportului", "channel": "UC5mBgoBpdcWOl0U_WMlgoaw", "votes": "1", "photo": "https://yt3.ggpht.com/ytc/AAUvwnhlcTjcPVwm8RvNfsN7TH9L0ge9881QB-AYou1_=s176-c-k-c0x00ffffff-no-rj", "heart": false}
{"cid": "Ugy80M3ZA10FPI1PAAR4AaABAg", "text": "üëçüëçüëç", "time": "4Í∞úÏõî Ï†Ñ", "author": "xuanbao Xb2103", "channel": "UCVZw_VmAx-T0dn2u0QvhgwA", "votes": "1", "photo": "https://yt3.ggpht.com/ytc/AAUvwngcfQICA0_1I2gXLBfQ8e2PWN_RBVP2Dzl7vg=s176-c-k-c0x00ffffff-no-rj", "heart": false}
{"cid": "UgxB0GHtcR3a7CrCbF14AaABAg", "text": "So many superlatives felt across all nominees, but this has got to be the winner", "time": "4Í∞úÏõî Ï†Ñ", "author": "Aykut", "channel": "UCaLaKcXpmmWa-C-BG4e-KLQ", "votes": "2", "photo": "https://yt3.ggpht.com/ytc/AAUvwng3FHHlExZi_VoITORUJOFvg1MblCK5PgozfdfMVg=s176-c-k-c0x00ffffff-no-rj", "heart": false}
{"cid": "Ugz9U-DQAp7RhU9R5k14AaABAg.9GV5NVFRizN9Gt8zda_Q5z", "text": "¬†@WST WIZZ¬† yeah he deserves that was an extra ordinary goal!", "time": "3Í∞úÏõî Ï†Ñ", "author": "Elvis Cekwane", "channel": "UCpQjLPXWXiIe1KL7fsr4XyA", "votes": "0", "photo": "https://yt3.ggpht.com/ytc/AAUvwniybI7NcdBxf9XzCp5j0cybIqBrYTC3shl8Y8jROg=s176-c-k-c0x00ffffff-no-rj", "heart": false}
{"cid": "Ugz9U-DQAp7RhU9R5k14AaABAg.9GV5NVFRizN9Gt89wCOGjn", "text": "I think Sonny will win", "time": "3Í∞úÏõî Ï†Ñ", "author": "WST WIZZ", "channel": "UCznKbI9CN9kRk_RuYJWIaVA", "votes": "0", "photo": "https://yt3.ggpht.com/ytc/AAUvwniO9F7NfOnEDJpEROhjvTBKfaW9y3so4XEX0auOKA=s176-c-k-c0x00ffffff-no-rj", "heart": false}
{"cid": "Ugz9U-DQAp7RhU9R5k14AaABAg.9GV5NVFRizN9GisvUgNpow", "text": "Should have done research first before making that bold wrong comment, Hlompo‚Äôs goal against Cameroon was nominated in 2016, then Masuluke in 2017", "time": "3Í∞úÏõî Ï†Ñ", "author": "Elvis Cekwane", "channel": "UCpQjLPXWXiIe1KL7fsr4XyA", "votes": "8", "photo": "https://yt3.ggpht.com/ytc/AAUvwniybI7NcdBxf9XzCp5j0cybIqBrYTC3shl8Y8jROg=s176-c-k-c0x00ffffff-no-rj", "heart": false}
{"cid": "Ugz9U-DQAp7RhU9R5k14AaABAg.9GV5NVFRizN9Giq6KC7_VP", "text": "No that was Oscarine Msaluke not Hlompho", "time": "3Í∞úÏõî Ï†Ñ", "author": "Ronny Sithole", "channel": "UCgMsMRTXda_SLdifXewdaQw", "votes": "0", "photo": "https://yt3.ggpht.com/ytc/AAUvwnggdH5LYpLHb_JRcR6hfEnDVQVypO-0e3eVcQ=s176-c-k-c0x00ffffff-no-rj", "heart": false}
{"cid": "UgwTodES_G70R01MHHN4AaABAg.9GVxld0AOch9GjRkhHPpyL", "text": "What about Son goal?\nSprint with the ball, dribble, pure composed, ball intact and goal. \nAnd he started from 5/6 distance of the field. \nSon have chance too", "time": "3Í∞úÏõî Ï†Ñ", "author": "Aloysius Forca Bar√ßa", "channel": "UCZ4awkqoYGCCFedTcSsPAHg", "votes": "0", "photo": "https://yt3.ggpht.com/ytc/AAUvwnjUUO9NaD0kNJkq3-6lL7Dxdbvrjq_-DYxnXSygmQ=s176-c-k-c0x00ffffff-no-rj", "heart": false}
{"cid": "Ugy0Eth7ODTS313S-WB4AaABAg.9GXIY3hRkOD9HPCr3NYHUH", "text": "@Abarai Renji üòÇüòÇüòÇüòÇAfter him not winning the award, this comment is an award enough for him. On behalf of him and South Africa I accept it.", "time": "3Í∞úÏõî Ï†Ñ", "author": "Alex M Lebepe", "channel": "UCraxpcTdnfIbaB0Yxap5X-g", "votes": "0", "photo": "https://yt3.ggpht.com/ytc/AAUvwni5WVqJQvq7S4RojvRkq8JC68hhXnjRy6fFY_v8Aw=s176-c-k-c0x00ffffff-no-rj", "heart": false}
{"cid": "Ugy0Eth7ODTS313S-WB4AaABAg.9GXIY3hRkOD9H-VjuBLLYz", "text": "Abarai Renji fr in real time couldn‚Äôt see the ball move", "time": "3Í∞úÏõî Ï†Ñ", "author": "Bangs", "channel": "UCoF-MdBOkOb3eOCYdCmyevA", "votes": "0", "photo": "https://yt3.ggpht.com/ytc/AAUvwnhYdM3UP4wEm-cZ7WkEfDnKizoF833vuHrNpqAHtw=s176-c-k-c0x00ffffff-no-rj", "heart": false}
{"cid": "UgxLfEYYxfVVoQAZkH14AaABAg", "text": "This is the one for me, long range shots are the best", "time": "4Í∞úÏõî Ï†Ñ", "author": "Bryan D", "channel": "UC_ZI7OS3iaOf359kRF6ma8w", "votes": "379", "photo": "https://yt3.ggpht.com/ytc/AAUvwniXYo14y4IiYdVbBO1FJtOYZAbhG-NxqnLdlA=s176-c-k-c0x00ffffff-no-rj", "heart": false}
{"cid": "UgxY2RpUJTDGy5s0TOB4AaABAg", "text": "missile goals deserve an own trophy", "time": "4Í∞úÏõî Ï†Ñ(ÏàòÏ†ïÎê®)", "author": "Klesso", "channel": "UCYaxveFRDm0LaRVOsDOy6wA", "votes": "263", "photo": "https://yt3.ggpht.com/ytc/AAUvwnhdF_jm6tRcfpfgbjU6zfnIKQCP0-NPk4suAM-7HA=s176-c-k-c0x00ffffff-no-rj", "heart": false}
{"cid": "UgyTreGLBQdDJxXVlup4AaABAg", "text": "This is an incredible strike on of the best for sure", "time": "4Í∞úÏõî Ï†Ñ", "author": "Shine On you Crazy Diamond", "channel": "UC2TJGH432VFvMb3_BTuA9dQ", "votes": "16", "photo": "https://yt3.ggpht.com/ytc/AAUvwniZy3jlYtomafBOtL1fYIrSJbGK7dvX0PnHCGk=s176-c-k-c0x00ffffff-no-rj", "heart": false}
{"cid": "UgwRmOjmP2x9FvkE5WF4AaABAg", "text": "üöÄüöÄüöÄ \nwho saw the ball in real time?üëÄ", "time": "4Í∞úÏõî Ï†Ñ", "author": "Woodie.B", "channel": "UCxO2c8zk3JDdemjbIMIO0VQ", "votes": "17", "photo": "https://yt3.ggpht.com/ytc/AAUvwnhm8FgjfSdySGO5q0enJy20vzpPMW3PGuy0nHsO=s176-c-k-c0x00ffffff-no-rj", "heart": false}
{"cid": "UgzkwJ8yPzLgpyO41CR4AaABAg", "text": "This guy is a specialist...search Hlompho Kekana long range goals... \nu won't be disappointed", "time": "4Í∞úÏõî Ï†Ñ", "author": "Duran Williams", "channel": "UCHpGtKTturVl6rCcXafXiWQ", "votes": "148", "photo": "https://yt3.ggpht.com/ytc/AAUvwni5L9RqvS6Wm_ZMM7h6OWKgI5FJ4J3I3BJwzHt2=s176-c-k-c0x00ffffff-no-rj", "heart": false}
{"cid": "Ugxld4SBrq0B78p08jJ4AaABAg", "text": "This goal vs goal from son heung min", "time": "4Í∞úÏõî Ï†Ñ", "author": "ANJAS WISESA", "channel": "UCqUYWigMwvs1-McWJbfRc5Q", "votes": "81", "photo": "https://yt3.ggpht.com/ytc/AAUvwnjp6Fz5mBVxipgm6jSPTtjTH2CL5owSvn7tx9Es2w=s176-c-k-c0x00ffffff-no-rj", "heart": false}
{"cid": "UgyilBmAwf-FT2DC9z94AaABAg", "text": "My pick", "time": "4Í∞úÏõî Ï†Ñ", "author": "Anubis andRA", "channel": "UCpOyYefQ2SyP0Sw_Zr83AIQ", "votes": "5", "photo": "https://yt3.ggpht.com/ytc/AAUvwnjh4bf2vtfSKe6OTMSDkC6NSbO22YQpXr84v7anaw=s176-c-k-c0x00ffffff-no-rj", "heart": false}
{"cid": "UgxetOQAaHQyb7niD7Z4AaABAg", "text": "thunderbolt this is the one for me followed by son", "time": "4Í∞úÏõî Ï†Ñ", "author": "Carlos Mudau", "channel": "UClDEh0PQo4TPf7eQNOGe4CA", "votes": "6", "photo": "https://yt3.ggpht.com/ytc/AAUvwniA09GbISji3Uc3vMgnZ2FHYzkmSYn84cDtIKNu=s176-c-k-c0x00ffffff-no-rj", "heart": false}
{"cid": "UgxdwU97p6m7ztbBMtF4AaABAg", "text": "This player deserves to win! I don't have words to describe it", "time": "4Í∞úÏõî Ï†Ñ", "author": "Levi Rodrigues", "channel": "UCK2H5lqEmP6GddUNt6BMvxA", "votes": "16", "photo": "https://yt3.ggpht.com/ytc/AAUvwnjzlAVcUNf9MbBygfw4wV6cAygJ1fv58wZTXM1V=s176-c-k-c0x00ffffff-no-rj", "heart": false}
{"cid": "Ugzcf9kJ1OfZU5iyG4N4AaABAg", "text": "insane", "time": "4Í∞úÏõî Ï†Ñ", "author": "account 1", "channel": "UCZBjsWzJRs8yDVtsm63NIAg", "votes": "8", "photo": "https://yt3.ggpht.com/ytc/AAUvwngX6qzonrNBsQvh0ePbZDK3EXg9fNZz2tBxYwNVlQ=s176-c-k-c0x00ffffff-no-rj", "heart": false}
{"cid": "UgygvFcLiV34CA9WQYt4AaABAg", "text": "1000000000000x better than kompany city should buy him", "time": "4Í∞úÏõî Ï†Ñ", "author": "Daniel Brendan Dolatabadi", "channel": "UCDrsVQCktsEuEXPveiwvJ6A", "votes": "1", "photo": "https://yt3.ggpht.com/ytc/AAUvwniuQ8LImJmBl-qkvWG7CnQvCqpvOohm33ySYA=s176-c-k-c0x00ffffff-no-rj", "heart": false}
{"cid": "UgzPQk8Fa3PThwVuH3F4AaABAg", "text": "Muriooo diego armando maradona \n\nDiego armando Maradona is ded", "time": "4Í∞úÏõî Ï†Ñ", "author": "el tio shitposter", "channel": "UCyx373oyVUVKGbl4ayMAALA", "votes": "3", "photo": "https://yt3.ggpht.com/ytc/AAUvwngmyDhuAqgMt3e1Vi3ZaElT93-g-KYK-NrEvjlAqw=s176-c-k-c0x00ffffff-no-rj", "heart": false}
{"cid": "UgwunwhRsQ74lIszlDB4AaABAg", "text": "he specializes in long ranges", "time": "4Í∞úÏõî Ï†Ñ", "author": "Dumisa", "channel": "UC-Y07Eb6ZFXHaCPU4ethBmA", "votes": "10", "photo": "https://yt3.ggpht.com/ytc/AAUvwngErpx0GMfRzezLBkQaPRjbeQzp3m3yDNpR4w=s176-c-k-c0x00ffffff-no-rj", "heart": false}
{"cid": "Ugw3T5yTQh4VA6htl4d4AaABAg", "text": "Is he shoot use bazooka? That power tho", "time": "4Í∞úÏõî Ï†Ñ", "author": "Muhammad Ameruddin", "channel": "UCpNZXdTWzNjs-HmuBwF7yfg", "votes": "5", "photo": "https://yt3.ggpht.com/ytc/AAUvwnhspQBDAnCH7cyRoxTtPQLTEniVCy6lKlLuew=s176-c-k-c0x00ffffff-no-rj", "heart": false}
{"cid": "UgxV3-UKdFTV8glRh094AaABAg", "text": "Wow...", "time": "4Í∞úÏõî Ï†Ñ", "author": "__Í∞úÏ£ΩÏù¥", "channel": "UCO_gjGUlc3T2Qry6V4AZTEA", "votes": "2", "photo": "https://yt3.ggpht.com/ytc/AAUvwniIOwFMep_nNIQfYSPll53kKq2r_1KHf0RdBeQM=s176-c-k-c0x00ffffff-no-rj", "heart": false}
{"cid": "UgzKNQP4vZ6J_no2pOB4AaABAg", "text": "Is there the speed of this shot? Crazy fast", "time": "4Í∞úÏõî Ï†Ñ", "author": "Daniel Cardoso", "channel": "UCPl5PWH2R_E7ZpwxnPRuOIA", "votes": "7", "photo": "https://yt3.ggpht.com/ytc/AAUvwnjAtEC_b1WZa3xJlEfmmfPXSSxgwXHrjENL84W2=s176-c-k-c0x00ffffff-no-rj", "heart": false}
{"cid": "UgxUGbFfQ4wkH29QKNx4AaABAg", "text": "Best is this", "time": "4Í∞úÏõî Ï†Ñ", "author": "Hasan Verdiyev", "channel": "UCEbx23a1HyHoubHn2SNvuXQ", "votes": "2", "photo": "https://yt3.ggpht.com/ytc/AAUvwnjgGgpzb3kcMIIlFvZ1NxCEgDlvpPvGmoscxB264Q=s176-c-k-c0x00ffffff-no-rj", "heart": false}
{"cid": "UgxbRKGH7Qpvo3C6Qjl4AaABAg", "text": "I used to get him as a free agent on FIFA because he had 86 long shots and shot power.\n\nNow I see why", "time": "4Í∞úÏõî Ï†Ñ", "author": "tommyabroad", "channel": "UCzBaEXR_PWncpt2MJHDeqwA", "votes": "323", "photo": "https://yt3.ggpht.com/ytc/AAUvwnibxrRxnjGHX-vh9Q3Wnah8rVrSi9bA2rkqop5X5g=s176-c-k-c0x00ffffff-no-rj", "heart": false}
{"cid": "Ugwj55gSuBqhXXcRV9V4AaABAg", "text": "Le parti√≥ el arco, golazo", "time": "4Í∞úÏõî Ï†Ñ", "author": "ivan_", "channel": "UCwf_N9x4lJwDZger1wfx2Hw", "votes": "0", "photo": "https://yt3.ggpht.com/ytc/AAUvwngbxRoVqZkfTUNumLOkun9fJXbIY0DLktKu-5QoCQ=s176-c-k-c0x00ffffff-no-rj", "heart": false}
{"cid": "Ugy4GCkq38PNk404yQN4AaABAg", "text": "They will never give him but hope he brings the puskas to SA", "time": "4Í∞úÏõî Ï†Ñ", "author": "Ederies Mohammed", "channel": "UCo9VV9PVqItdZFXGpJ1uOIA", "votes": "18", "photo": "https://yt3.ggpht.com/ytc/AAUvwng3sQogo4fSrXcd6FP4t0Ovh59YPt-LvaUWVtHdpQ=s176-c-k-c0x00ffffff-no-rj", "heart": false}
{"cid": "UgxLfEYYxfVVoQAZkH14AaABAg.9GUh5A5E0089H1qXMz50qT", "text": "long-range bullets are the greatest truly", "time": "3Í∞úÏõî Ï†Ñ", "author": "M T", "channel": "UCnQmOeB2FzJT120JXHGZOYQ", "votes": "0", "photo": "https://yt3.ggpht.com/ytc/AAUvwngKG1uFIvzbrXZwASxIF2e7j-lew9Yh-P6KvNMy-Q=s176-c-k-c0x00ffffff-no-rj", "heart": false}
{"cid": "UgxLfEYYxfVVoQAZkH14AaABAg.9GUh5A5E0089H1cNeFZlwM", "text": "Yeah, then Leonel Quinonez is the one for you", "time": "3Í∞úÏõî Ï†Ñ", "author": "zevez15", "channel": "UC5UZwy7HdQ19wvBgvt4p7jA", "votes": "0", "photo": "https://yt3.ggpht.com/ytc/AAUvwnih0rKpM1hTo3vloQvV4TQtw7W__WiQRYqfNg=s176-c-k-c0x00ffffff-no-rj", "heart": false}
{"cid": "UgxLfEYYxfVVoQAZkH14AaABAg.9GUh5A5E0089GpEVzyytnv", "text": "Im agree, At least this had defender that trying to block.", "time": "3Í∞úÏõî Ï†Ñ", "author": "Khanor 'Blue Rat Lips'Mcchimaev", "channel": "UC_n0iiTrqw00_9TSwotCQXQ", "votes": "4", "photo": "https://yt3.ggpht.com/ytc/AAUvwnj1FjcWyzo-zUHNJ9p4c-WAQvmuG0sfIS3rJeUHsA=s176-c-k-c0x00ffffff-no-rj", "heart": false}
{"cid": "UgxLfEYYxfVVoQAZkH14AaABAg.9GUh5A5E0089GjsERd5RnH", "text": "I agree", "time": "3Í∞úÏõî Ï†Ñ", "author": "Isaac Ulate", "channel": "UCjhT54sgBhq0RcSYWXEmMhQ", "votes": "0", "photo": "https://yt3.ggpht.com/ytc/AAUvwnj-8-d_DXY1Vb-0ZYqF6rMemBwOLCIQ6VgEvmY9=s176-c-k-c0x00ffffff-no-rj", "heart": false}
{"cid": "UgxLfEYYxfVVoQAZkH14AaABAg.9GUh5A5E0089GV4sw7AYV4", "text": "see Leonel Quinonez", "time": "4Í∞úÏõî Ï†Ñ", "author": "Erick Amaral", "channel": "UCh5cdO8fuxtV3ce95PmD6_A", "votes": "5", "photo": "https://yt3.ggpht.com/ytc/AAUvwnjg0RGFBVTJcc345Kl1Zo_rvMjfYhOn5ALWcQ=s176-c-k-c0x00ffffff-no-rj", "heart": false}
{"cid": "UgxY2RpUJTDGy5s0TOB4AaABAg.9GUhU42pbmx9GXGxgfOPqp", "text": "¬†@shady black¬† tks!", "time": "4Í∞úÏõî Ï†Ñ", "author": "Klesso", "channel": "UCYaxveFRDm0LaRVOsDOy6wA", "votes": "0", "photo": "https://yt3.ggpht.com/ytc/AAUvwnhdF_jm6tRcfpfgbjU6zfnIKQCP0-NPk4suAM-7HA=s176-c-k-c0x00ffffff-no-rj", "heart": false}
{"cid": "UgxY2RpUJTDGy5s0TOB4AaABAg.9GUhU42pbmx9GUkGlVXc_z", "text": "An", "time": "4Í∞úÏõî Ï†Ñ", "author": "shady black", "channel": "UCAv0tyG4uGCkV1e3jIRn7bQ", "votes": "1", "photo": "https://yt3.ggpht.com/ytc/AAUvwnjJYR1qA2FPwEl1up3ERFYp7luR5Tl-xR-PKXlVQw=s176-c-k-c0x00ffffff-no-rj", "heart": false}
{"cid": "UgwRmOjmP2x9FvkE5WF4AaABAg.9GUiasfX4nX9Gd-Y_NROef", "text": "üñêÔ∏èüñêÔ∏è", "time": "4Í∞úÏõî Ï†Ñ", "author": "Xixi Qi", "channel": "UCIrrwpqtbMnG1ZGUk2wFMlg", "votes": "0", "photo": "https://yt3.ggpht.com/ytc/AAUvwngWF7LIchCRUFH3uZ2aeQzbW_JAX68Em0nWu8vkGw=s176-c-k-c0x00ffffff-no-rj", "heart": false}
{"cid": "UgwRmOjmP2x9FvkE5WF4AaABAg.9GUiasfX4nX9GV2WxuIYYA", "text": "It flashed in front of my eyes", "time": "4Í∞úÏõî Ï†Ñ", "author": "That Guy", "channel": "UCkUcHMXpBbfFGRXsDJTQH_Q", "votes": "2", "photo": "https://yt3.ggpht.com/ytc/AAUvwnhio8u_ZWrvlYrD_5ClyBehaa1e9mgIPX7N1Tob=s176-c-k-c0x00ffffff-no-rj", "heart": false}
{"cid": "UgzkwJ8yPzLgpyO41CR4AaABAg.9GUjShySUcz9H0vPfi7Xl9", "text": "¬†@Coolen Des¬† he deserves it. What a strike", "time": "3Í∞úÏõî Ï†Ñ", "author": "-", "channel": "UCBHQQT419iWVJ_9PU_LEHUg", "votes": "1", "photo": "https://yt3.ggpht.com/ytc/AAUvwnhHjq-xDm2fxXmfoh0Mm-ub8HWBcarIDG3raWoZ=s176-c-k-c0x00ffffff-no-rj", "heart": false}
{"cid": "UgzkwJ8yPzLgpyO41CR4AaABAg.9GUjShySUcz9GjuKFXEXav", "text": "They will never give him but hope he brings the puskas to SA", "time": "3Í∞úÏõî Ï†Ñ", "author": "Coolen Des", "channel": "UCxPEvckgjV3FP3wnhWzmprA", "votes": "0", "photo": "https://yt3.ggpht.com/ytc/AAUvwnjSJu8M-MuiNgw7USkrDecYQZKIXZKuSE94Zw=s176-c-k-c0x00ffffff-no-rj", "heart": false}
{"cid": "Ugxld4SBrq0B78p08jJ4AaABAg.9GUjjVRf__U9JvXCgxv4c0", "text": "This goal", "time": "1Í∞úÏõî Ï†Ñ", "author": "Diegoda boio", "channel": "UCUgyx82KtLrFshXwH7KI2mg", "votes": "0", "photo": "https://yt3.ggpht.com/ytc/AAUvwnhZ_gHk-xAJghcj5R_FE-4Qg4zLKU-HlR6jxQ=s176-c-k-c0x00ffffff-no-rj", "heart": false}
{"cid": "Ugxld4SBrq0B78p08jJ4AaABAg.9GUjjVRf__U9HOjGJGvMpU", "text": "¬†@ben seabrease¬† mah man hahahaha", "time": "3Í∞úÏõî Ï†Ñ", "author": "1427", "channel": "UCNTJYs5ejupHZ2wDfMtGrpw", "votes": "0", "photo": "https://yt3.ggpht.com/ytc/AAUvwniwU5dYgysW1CKoWOhKLqZc46AdqFfPu2AccdLObA=s176-c-k-c0x00ffffff-no-rj", "heart": false}
{"cid": "Ugxld4SBrq0B78p08jJ4AaABAg.9GUjjVRf__U9HAzeJc6scI", "text": "¬†@Bob Ross‚Äôs Dad¬† yep taking it from the edge of your own box to scoring is a ‚Äúsimple solo run dribbling straight‚Äù \nCasual", "time": "3Í∞úÏõî Ï†Ñ", "author": "ben seabrease", "channel": "UCAnNARX5COnaxzYeVBEE1Pg", "votes": "5", "photo": "https://yt3.ggpht.com/ytc/AAUvwniSsFsncCNA23duf27uqTlTH6nqEcO-93A8xQ=s176-c-k-c0x00ffffff-no-rj", "heart": false}
{"cid": "Ugxld4SBrq0B78p08jJ4AaABAg.9GUjjVRf__U9H59gkKUaj1", "text": "Son gets 3rd at most, extremely simple solo run. He had to dribble straight hitting it slightly right and left twice while this was a laser to the post way out", "time": "3Í∞úÏõî Ï†Ñ", "author": "Bob Ross‚Äôs Dad", "channel": "UCDc-UW1LwG59ARef1ri5p4w", "votes": "1", "photo": "https://yt3.ggpht.com/ytc/AAUvwniqnVteyYo-Fi2Wf_7GWkm-Gb1Dr_vT-UbUVg=s176-c-k-c0x00ffffff-no-rj", "heart": false}
{"cid": "Ugxld4SBrq0B78p08jJ4AaABAg.9GUjjVRf__U9H2ui1dTYSa", "text": "Yep, tough choice...", "time": "3Í∞úÏõî Ï†Ñ", "author": "Shotpister", "channel": "UC4Re1zzjLCRNaV0wSrcDx-Q", "votes": "0", "photo": "https://yt3.ggpht.com/ytc/AAUvwnhLYPdunI-nUu8_AkXxnU78a8z9va5mNjbK3w=s176-c-k-c0x00ffffff-no-rj", "heart": false}
{"cid": "UgxbRKGH7Qpvo3C6Qjl4AaABAg.9GUya2cbcwn9HPjruYCr7r", "text": "hes not on fifa 20", "time": "3Í∞úÏõî Ï†Ñ", "author": "Voldemort Judges", "channel": "UC5WWEX99aD6rsTSgvnYOD5Q", "votes": "0", "photo": "https://yt3.ggpht.com/ytc/AAUvwnh6N4eirkE-mXvB9d6PknyW5V1HMJt_VCskO8g_=s176-c-k-c0x00ffffff-no-rj", "heart": false}
{"cid": "UgxbRKGH7Qpvo3C6Qjl4AaABAg.9GUya2cbcwn9HOaok8FYr1", "text": "Surprised FIFA did their homework", "time": "3Í∞úÏõî Ï†Ñ", "author": "Abdu Ugas", "channel": "UCX7wuN5XcX0A3zdw6wMp91g", "votes": "0", "photo": "https://yt3.ggpht.com/ytc/AAUvwnjJFQG5dUxAjeHbJwCqswemJ0EIAJkkTd5GI-kvZSw=s176-c-k-c0x00ffffff-no-rj", "heart": false}
{"cid": "UgxbRKGH7Qpvo3C6Qjl4AaABAg.9GUya2cbcwn9HJofJKS4Ul", "text": "He once score a long range goal from his own half against Cameroon and he was nominated for puskas but no win mxm", "time": "3Í∞úÏõî Ï†Ñ", "author": "Khethukuthula Mahaye", "channel": "UCbWY8vr4Ky4dDMyAGT4HCbw", "votes": "0", "photo": "https://yt3.ggpht.com/ytc/AAUvwnipTaTsqkL4kdnMgSqUFWr5GKzsMwOQ3QylUQ=s176-c-k-c0x00ffffff-no-rj", "heart": false}
{"cid": "UgxbRKGH7Qpvo3C6Qjl4AaABAg.9GUya2cbcwn9H794UlXSS6", "text": "¬†@Hanindita Budhi¬† yes he does sir", "time": "3Í∞úÏõî Ï†Ñ", "author": "phumzile qwaqwa", "channel": "UC-sYVTcG3nFfYyoh6Hlr7QQ", "votes": "0", "photo": "https://yt3.ggpht.com/ytc/AAUvwnhaNHkBMOmpid6wc6DOPTtBkDknUzMMec58lTxP=s176-c-k-c0x00ffffff-no-rj", "heart": false}
{"cid": "UgxbRKGH7Qpvo3C6Qjl4AaABAg.9GUya2cbcwn9H4gLJb9IaJ", "text": "¬†@nkosikhona mkhize¬† Is he playing for the SA national team??", "time": "3Í∞úÏõî Ï†Ñ", "author": "Hanindita Budhi", "channel": "UCyVF6rbbAK8MVKNUAqqsgww", "votes": "0", "photo": "https://yt3.ggpht.com/ytc/AAUvwniheJLoXPbFrj_bXpHcQK1ej0AwKpuM0Z7UdzdEvw=s176-c-k-c0x00ffffff-no-rj", "heart": false}
{"cid": "UgxbRKGH7Qpvo3C6Qjl4AaABAg.9GUya2cbcwn9H2H0cDlLRV", "text": "YOU GOTTA VOTE NOW", "time": "3Í∞úÏõî Ï†Ñ", "author": "PRACTICING LIFE", "channel": "UCNdY7xj4GIc3izdsyXlRAzw", "votes": "0", "photo": "https://yt3.ggpht.com/ytc/AAUvwnhTpWnNkR5Jh9EoY5BxLd43EnIys7MpcE0nV7Uf=s176-c-k-c0x00ffffff-no-rj", "heart": false}
{"cid": "UgxbRKGH7Qpvo3C6Qjl4AaABAg.9GUya2cbcwn9GfurUpiKFz", "text": "Lol he is well known in the South African Football for his long rang strikes. I think it the 3rd time now he get nominated for the puskas and all goals are long range strikes.", "time": "4Í∞úÏõî Ï†Ñ", "author": "nkosikhona mkhize", "channel": "UCA9R-4KL8lXyS2KAQo_kIwg", "votes": "32", "photo": "https://yt3.ggpht.com/ytc/AAUvwngh3gOuJV3iPM1QsqcOjJJyV-eogoC6P0P7boBH6g=s176-c-k-c0x00ffffff-no-rj", "heart": false}
{"cid": "Ugx1Sy_HcjeWXUiFUhR4AaABAg", "text": "Bruh", "time": "4Í∞úÏõî Ï†Ñ", "author": "French Baguette", "channel": "UCnduFrD07szBY5mdqzFwtYQ", "votes": "4", "photo": "https://yt3.ggpht.com/ytc/AAUvwnidDP-45z8sx5RP4poTfyZwKF7a7ue_6QljK-ff=s176-c-k-c0x00ffffff-no-rj", "heart": false}
{"cid": "UgzCef9OXLr-dF3OH3B4AaABAg", "text": "First", "time": "4Í∞úÏõî Ï†Ñ", "author": "XAVI BONILLA", "channel": "UCcl_lk-2BwikNx_InKXd_DQ", "votes": "4", "photo": "https://yt3.ggpht.com/ytc/AAUvwni1WYDa1BD-62k6ykLKTMAuisjyU6RV6tyL2Am8=s176-c-k-c0x00ffffff-no-rj", "heart": false}
{"cid": "UgxHHlhq8UOoUpNufmt4AaABAg", "text": "bruh", "time": "4Í∞úÏõî Ï†Ñ", "author": "Fernando Rojas Fores", "channel": "UCs8e-ephK85q7Ehifb5uqrw", "votes": "2", "photo": "https://yt3.ggpht.com/ytc/AAUvwnij0H4XJwlpSxqKcr9rHiO6mt5x2bh_lQpWCA=s176-c-k-c0x00ffffff-no-rj", "heart": false}
{"cid": "UgzEJaNcIzJIDQU06P54AaABAg", "text": "best goal from all", "time": "4Í∞úÏõî Ï†Ñ", "author": "Lord Vcasr", "channel": "UCBATBqm6I-rRq2PyrKdULLg", "votes": "12", "photo": "https://yt3.ggpht.com/ytc/AAUvwnhhru5tCVbpmaPK_FjjmPpguUDUfz646Mhd3zZ8=s176-c-k-c0x00ffffff-no-rj", "heart": false}
{"cid": "Ugxw2ritxyo8SXPBwg14AaABAg", "text": "If this doesn‚Äôt win it idk what will", "time": "4Í∞úÏõî Ï†Ñ", "author": "Ronachi", "channel": "UCeA7-5GqdyZCJXko--9aqMA", "votes": "65", "photo": "https://yt3.ggpht.com/ytc/AAUvwniauh_dFawWkYJAWH_W0S9yIcsMumFKIrJX6hEyiQ=s176-c-k-c0x00ffffff-no-rj", "heart": false}
{"cid": "UgxpV9mqi1orBjEuA_h4AaABAg", "text": "This should win it", "time": "4Í∞úÏõî Ï†Ñ", "author": "Iam Inevitable", "channel": "UCVvCKeAv6wDhnFJKhKgQagQ", "votes": "9", "photo": "https://yt3.ggpht.com/ytc/AAUvwngMmIDaPv1uHQR41sprhvFqVHLWqUoUt4PcJA=s176-c-k-c0x00ffffff-no-rj", "heart": false}
{"cid": "UgwNQmfsIcrTzY_Uwa94AaABAg", "text": "Win!!", "time": "4Í∞úÏõî Ï†Ñ", "author": "Alejandro Carre√≥n", "channel": "UCeJj9GhkH0U0njzzNq2m16w", "votes": "7", "photo": "https://yt3.ggpht.com/ytc/AAUvwngEcHGCqc0SR8MgNPyzP0Kc6RDWaIPnYAGmSUBd=s176-c-k-c0x00ffffff-no-rj", "heart": false}
{"cid": "UgzCmnJ0aJY8fH4xkkZ4AaABAg", "text": "üöÄ üí• üí• this should win", "time": "4Í∞úÏõî Ï†Ñ", "author": "Ahmed Abdelqader", "channel": "UCd7DYELopqZsbCLl3MsGsgA", "votes": "8", "photo": "https://yt3.ggpht.com/ytc/AAUvwnjqV4EyxV1IAVqe2Y09QUAor65HzGv5grKDIIWq0w=s176-c-k-c0x00ffffff-no-rj", "heart": false}
{"cid": "UgzcdZ9q4Vp_ZJtCIpt4AaABAg", "text": "My favourite", "time": "4Í∞úÏõî Ï†Ñ", "author": "Christiano Pulinaldo", "channel": "UCfYzk0oRL0wMlWfviZg4RTA", "votes": "7", "photo": "https://yt3.ggpht.com/ytc/AAUvwni3V_cdAkDAh4NJ1XvSAv_EjjQZnNsTVJwThM-P=s176-c-k-c0x00ffffff-no-rj", "heart": false}
{"cid": "Ugzl1jb-tG1ZYjTKj-d4AaABAg", "text": "this is my best one..\nüëèüëèüëèüëèüëè", "time": "4Í∞úÏõî Ï†Ñ", "author": "ÏôÄÏîπ", "channel": "UCeFnDaLCm407SE06pWpw-Xw", "votes": "10", "photo": "https://yt3.ggpht.com/ytc/AAUvwng4l_Xxg4ueXnkXaSQw2NsCofQk9tBri4cFymEHpA=s176-c-k-c0x00ffffff-no-rj", "heart": false}
{"cid": "Ugxw2ritxyo8SXPBwg14AaABAg.9GUenJwOxUr9GeMJfT1OA-", "text": "¬†@Rick¬† euh nah suarez is nice but unnecery", "time": "4Í∞úÏõî Ï†Ñ", "author": "mrclswet Editordizz player", "channel": "UCeB7z7NMVn7I95RLN2VVqdA", "votes": "0", "photo": "https://yt3.ggpht.com/ytc/AAUvwngBxvTD4lmpWJsgWqB1Qc-9Is1ZNHwX8l0f1Ik8=s176-c-k-c0x00ffffff-no-rj", "heart": false}
{"cid": "Ugxw2ritxyo8SXPBwg14AaABAg.9GUenJwOxUr9GXCVLznfPC", "text": "After Masuluke didn't win I realised Africa may never get this award", "time": "4Í∞úÏõî Ï†Ñ", "author": "Adin Mlungwana", "channel": "UClWwTKaaJZG0r_y-jGoyLqQ", "votes": "1", "photo": "https://yt3.ggpht.com/ytc/AAUvwng0Mj93y7ouGAKec1jLufqM4lb0BFTQUgLbKRpZ=s176-c-k-c0x00ffffff-no-rj", "heart": false}
{"cid": "Ugxw2ritxyo8SXPBwg14AaABAg.9GUenJwOxUr9GVljv40cYF", "text": "GIGNAC", "time": "4Í∞úÏõî Ï†Ñ", "author": "Marissa Perizzandi", "channel": "UCFXku9ZQAp33693sQh_JJGw", "votes": "0", "photo": "https://yt3.ggpht.com/ytc/AAUvwniLkJk-Py91HKAnj6Co5J-ZheABn8CoLRthh_714A=s176-c-k-c0x00ffffff-no-rj", "heart": false}
{"cid": "Ugxw2ritxyo8SXPBwg14AaABAg.9GUenJwOxUr9GVAYK5wOQH", "text": "¬†@Roberto Benitez¬† that one is overrated. The GK wasn't in position", "time": "4Í∞úÏõî Ï†Ñ", "author": "Huggy Bear", "channel": "UCSAKISDzx4WOHFCdLqZWHaw", "votes": "3", "photo": "https://yt3.ggpht.com/ytc/AAUvwnjN-qfVQTNtOT3YyqTZjRDx4gL8v7PTRIbRvq8j=s176-c-k-c0x00ffffff-no-rj", "heart": false}
{"cid": "Ugxw2ritxyo8SXPBwg14AaABAg.9GUenJwOxUr9GUwTylYHFL", "text": "The trophy is between this one and the Son goal", "time": "4Í∞úÏõî Ï†Ñ", "author": "Karol Guzman", "channel": "UC2-q43DierAIudn_rW6xHqw", "votes": "11", "photo": "https://yt3.ggpht.com/ytc/AAUvwnj8oPCvk_0NfCwK2AgYLoBLTZG2zt5_rO5Rv9sv=s176-c-k-c0x00ffffff-no-rj", "heart": false}
{"cid": "Ugxw2ritxyo8SXPBwg14AaABAg.9GUenJwOxUr9GUih4mv-LP", "text": "Quinonez one is absolutely better", "time": "4Í∞úÏõî Ï†Ñ", "author": "Roberto Benitez", "channel": "UCWbpVXzqWyobNjuJ9jxFX1Q", "votes": "3", "photo": "https://yt3.ggpht.com/ytc/AAUvwnhc424fURZZXkm8ZyDfR_KJHBseTD2vNmWiql3_=s176-c-k-c0x00ffffff-no-rj", "heart": false}
{"cid": "Ugxw2ritxyo8SXPBwg14AaABAg.9GUenJwOxUr9GUi2xvd0RD", "text": "Suarez or Son", "time": "4Í∞úÏõî Ï†Ñ", "author": "soriba", "channel": "UChL-6yRwiUN7Q2Rj6zUIVBQ", "votes": "20", "photo": "https://yt3.ggpht.com/ytc/AAUvwngq0f_EHHwrW6KgAcYwS9w56cZAJBMpkdL66HwC=s176-c-k-c0x00ffffff-no-rj", "heart": false}
