{"cid": "UgwX0BZoS_-72KmqX6d4AaABAg", "text": "Perfect delevery and perfect volley, nice", "time": "3Í∞úÏõî Ï†Ñ(ÏàòÏ†ïÎê®)", "author": "Shaz Nazri", "channel": "UC_VFw6YP1H_Tfcz2cXMkkww", "votes": "1", "photo": "https://yt3.ggpht.com/ytc/AAUvwngXaNV2iaBVbFkMdwdUAhOdyU4WRXHOt3jf3Zwflw=s176-c-k-c0x00ffffff-no-rj", "heart": false}
{"cid": "UgxHcOunCjxM8Q-xIxF4AaABAg", "text": "wait this is not ...IBRA :O", "time": "3Í∞úÏõî Ï†Ñ", "author": "karimkopra", "channel": "UCSDr39BRsDXdrOBeuXkbYUg", "votes": "0", "photo": "https://yt3.ggpht.com/ytc/AAUvwnjBTY6268TYMjFomgm0fDt9aca5yWdozNH3E5iI=s176-c-k-c0x00ffffff-no-rj", "heart": false}
{"cid": "Ugx1FIb0G70k80gkDXd4AaABAg", "text": "This one should win", "time": "3Í∞úÏõî Ï†Ñ", "author": "Hugo Ruiz", "channel": "UC0CAkf7C32RuMyYUFmGRofQ", "votes": "0", "photo": "https://yt3.ggpht.com/ytc/AAUvwngbfL5KsRT6roSGglzoupJZLCwGl6qDAJ99CA=s176-c-k-c0x00ffffff-no-rj", "heart": false}
{"cid": "UgzzK2m0UElcanZp-6F4AaABAg", "text": "Just because we‚Äôre not a massive league goal was overlooked score that in premier league la liga that‚Äôs a winner stunning strike looked like he‚Äôd two knees on his leg fantastic goal Puskas wishes he could of finished that look how high his leg was and to control it best goal for me", "time": "3Í∞úÏõî Ï†Ñ", "author": "Jessica Shields", "channel": "UCU1KDRwKFWzdrJaE7Y2B1uA", "votes": "0", "photo": "https://yt3.ggpht.com/ytc/AAUvwniABx7uHBK6JRXm7hmxXhwXwEWOstjNANRNgg=s176-c-k-c0x00ffffff-no-rj", "heart": false}
{"cid": "UgwmQzWmnHM2goQeVo94AaABAg", "text": "From my comment below I take nothing away from the other contenders sons was a great individual goal lot to be said about the defending ‚öΩÔ∏è‚öΩÔ∏è but no keeper in the world would of stopped Flores flyer fact nice to see fifa play fairüòÇüòÇüòÇ", "time": "3Í∞úÏõî Ï†Ñ", "author": "Jessica Shields", "channel": "UCU1KDRwKFWzdrJaE7Y2B1uA", "votes": "0", "photo": "https://yt3.ggpht.com/ytc/AAUvwniABx7uHBK6JRXm7hmxXhwXwEWOstjNANRNgg=s176-c-k-c0x00ffffff-no-rj", "heart": false}
{"cid": "Ugx2WbU-YlUBEQFzC3B4AaABAg", "text": "This one should have won imo", "time": "3Í∞úÏõî Ï†Ñ", "author": "Speedos 28", "channel": "UCTXu-uHluzhJUbuVIOb5Btw", "votes": "1", "photo": "https://yt3.ggpht.com/ytc/AAUvwnhWEt_Njaq57Y_hBvBoWehh6KOlEx4D5bBDrhId=s176-c-k-c0x00ffffff-no-rj", "heart": false}
{"cid": "UgwkFpJCNLpKMOdI2MB4AaABAg", "text": "I cant believe that this didnt win the puskas award wth", "time": "3Í∞úÏõî Ï†Ñ", "author": "Raf Ampoorter", "channel": "UCcYajWIYH_gf4LNWNvNFJLg", "votes": "17", "photo": "https://yt3.ggpht.com/ytc/AAUvwnhkWGsEL1EO0jtvFNOoUFG_P4hiZHGZYLuluht4otY=s176-c-k-c0x00ffffff-no-rj", "heart": false}
{"cid": "Ugz_-nOnVRYwhgDttwV4AaABAg", "text": "A rocket of a shot that is", "time": "3Í∞úÏõî Ï†Ñ", "author": "Hoss's Holos", "channel": "UCssOP-VZO59a_HxFQq67CmA", "votes": "0", "photo": "https://yt3.ggpht.com/ytc/AAUvwnhM6agCVR2NM6AENIFNLZiz40zQH1DSKFFcYeSl=s176-c-k-c0x00ffffff-no-rj", "heart": false}
{"cid": "UgynW9LAA9pGSfo3stN4AaABAg", "text": "Looks how high he kicks!", "time": "3Í∞úÏõî Ï†Ñ", "author": "abcd", "channel": "UCfnhh_uCKpjTpC7wDoLB8Lw", "votes": "0", "photo": "https://yt3.ggpht.com/ytc/AAUvwnghGuK4QDUdYXkCIhUyvHHziNBwEqL-4H_D07L5=s176-c-k-c0x00ffffff-no-rj", "heart": false}
{"cid": "UgxX03sLMGFWv1-_mgt4AaABAg", "text": "¬øDid you notice the Flores's teammate reaction when taking his face at 0:07? He knew that goal was wonderful.", "time": "3Í∞úÏõî Ï†Ñ(ÏàòÏ†ïÎê®)", "author": "Harvey Scarpeta", "channel": "UCbDGDkYlMSqkBV78oSNmgeQ", "votes": "0", "photo": "https://yt3.ggpht.com/ytc/AAUvwnjvHEp-MBlZj8hOU2o341nM0PAQUp1VD5VGrxhT3Q=s176-c-k-c0x00ffffff-no-rj", "heart": false}
{"cid": "Ugyw-_E4IMYygXOVXpd4AaABAg", "text": "üî•Vamos! Excelenteüî• Before a big match or now when I training at home, I always watch GOL movie on the youtube and then put on playlist the rock band Delta Parole for warmup and then GO GO GOOOLLL!!!!!", "time": "3Í∞úÏõî Ï†Ñ", "author": "shoota17", "channel": "UCBmGOmGrEaewkzlBnNKWXkQ", "votes": "0", "photo": "https://yt3.ggpht.com/ytc/AAUvwnjVLIdt91lYJz5lhLadl2oZfsYQyR6wI2wFFnWs=s176-c-k-c0x00ffffff-no-rj", "heart": false}
{"cid": "Ugwa8IXK0yu5WgcOW9N4AaABAg", "text": "Seems like Sepak Takraw Jes I think that would be won Puskas", "time": "3Í∞úÏõî Ï†Ñ(ÏàòÏ†ïÎê®)", "author": "woo jin Park", "channel": "UCOEGamcS5EMg2skTQk4eiGg", "votes": "0", "photo": "https://yt3.ggpht.com/ytc/AAUvwnhywr-3365n5PQNLv6xS8H_Qxe9d9HDmMmnG50pfg=s176-c-k-c0x00ffffff-no-rj", "heart": false}
{"cid": "UgzeYGkpbMaAgz1Vwad4AaABAg", "text": "Better than Zidane‚Äòs Volley ngl", "time": "3Í∞úÏõî Ï†Ñ", "author": "Babushka boi", "channel": "UCQLQ6jPOvh4JQfRzSpkipMg", "votes": "0", "photo": "https://yt3.ggpht.com/ytc/AAUvwnjOh7LnYErKGSts_l2hsAL3W8HkfsPLLpaEdQ=s176-c-k-c0x00ffffff-no-rj", "heart": false}
{"cid": "UgwkmujK5nJeDm2UYQ94AaABAg", "text": "He is from a small village in Wigan called Aspull and that's where I'm from and my mum has met him because were friends with his family. We see posters of him all over the village", "time": "3Í∞úÏõî Ï†Ñ", "author": "Shmeg Waffles", "channel": "UC90K0ePBPoMZxk6Jzmeftag", "votes": "0", "photo": "https://yt3.ggpht.com/ytc/AAUvwnhlxtd6lfzbutI3OKrHrxV6L5KYc7kl3omZn3z-VA=s176-c-k-c0x00ffffff-no-rj", "heart": false}
{"cid": "Ugz4cDPsoaGKsfDg5Yp4AaABAg", "text": "Gotta be 1 of the best volleys iv ever seen... Just soley cause of the hight of his kick yet alone to be able to put so much power in it aswell\nüëäüü†‚ö´", "time": "2Í∞úÏõî Ï†Ñ", "author": "Aaryan Cadel-Raynes", "channel": "UCxqzc6PX_TI5fNVJuSfTgLg", "votes": "0", "photo": "https://yt3.ggpht.com/ytc/AAUvwngYOhile5PLtgh9wcw-U-rMOX6HM4_ncVRtAejmNw=s176-c-k-c0x00ffffff-no-rj", "heart": false}
{"cid": "UgwvAroyUzCyOzJfdMp4AaABAg", "text": "Welcome to Hull City üëÄüêØüêØüêØ", "time": "2Í∞úÏõî Ï†Ñ", "author": "KieronSFF", "channel": "UCOTmwgwDIGiDHEWqHaAmXNg", "votes": "0", "photo": "https://yt3.ggpht.com/ytc/AAUvwniDEL7AbetO4c-kcmdBGBeScY2nPThTzVL-Uz0pvw=s176-c-k-c0x00ffffff-no-rj", "heart": false}
{"cid": "Ugw7ewTAWpfW4BYpIIZ4AaABAg", "text": "He‚Äôs just signed for my team Hull City üî•", "time": "2Í∞úÏõî Ï†Ñ", "author": "Heppo", "channel": "UCE7_uNwWQ65u5JaMqhkQQnA", "votes": "0", "photo": "https://yt3.ggpht.com/ytc/AAUvwnjiiMTVmTQSOMQ5GFx7nNmbm5mjIUUEJ1z9jSEgtg=s176-c-k-c0x00ffffff-no-rj", "heart": false}
{"cid": "UgxLh-9zjuFP19prqv94AaABAg", "text": "üáÆüá™üáÆüá™üáÆüá™üáÆüá™üáÆüá™", "time": "1Í∞úÏõî Ï†Ñ", "author": "Evan", "channel": "UCm2UaooITTQznE6Qj7enAAQ", "votes": "0", "photo": "https://yt3.ggpht.com/ytc/AAUvwng4_SnAH0xR1TmyraORQ9bwV-AQuX9TFfR4IIiF3A=s176-c-k-c0x00ffffff-no-rj", "heart": false}
{"cid": "UgzNZe-6Y7yx0tCf14p4AaABAg", "text": "This guy is world-class how come none of the big teams didn't sign him", "time": "3Ï£º Ï†Ñ", "author": "Salim Tadlaoui", "channel": "UC0WkU7G_HjM4pGFUcL1EBEA", "votes": "1", "photo": "https://yt3.ggpht.com/ytc/AAUvwngyLalgu6M3QEXOENNZddoZ5j1PpqMajogNSFN8=s176-c-k-c0x00ffffff-no-rj", "heart": false}
{"cid": "UgxKFjgc10kSd7_CNTR4AaABAg", "text": "HOW DIDNT THIS WIN\nsong heung min didnt deserve it imo", "time": "1Ïùº Ï†Ñ", "author": "Joltie RL", "channel": "UC94a8SM7KoKHJiFJtrmqfpQ", "votes": "0", "photo": "https://yt3.ggpht.com/ytc/AAUvwnhEkX2Ino9SLVoow_0bbLmLuuOHZNqbxow_F0B5uw=s176-c-k-c0x00ffffff-no-rj", "heart": false}
{"cid": "UgzzK2m0UElcanZp-6F4AaABAg.9HNwtMDa9O_9HS4Qc-6yT9", "text": "Since 50% of the votes are casted by fans, the results are bound to be skewed towards popular teams. That's why Salah won last year.", "time": "3Í∞úÏõî Ï†Ñ", "author": "NRG 2000", "channel": "UCgQyTHCFTDDQ_E8un86KE8A", "votes": "0", "photo": "https://yt3.ggpht.com/ytc/AAUvwnjrqIIrj6k0IVg5cvS_YFfankvpZ-Uk-GncJw=s176-c-k-c0x00ffffff-no-rj", "heart": false}
{"cid": "Ugyy2D55wrN-bghF2eV4AaABAg", "text": "I think Son will win but hopefully this gets top 3. It's really special", "time": "3Í∞úÏõî Ï†Ñ", "author": "Nurrr89", "channel": "UCVugk5Zd6qvfXWOcODYltVg", "votes": "3", "photo": "https://yt3.ggpht.com/ytc/AAUvwnhhcZZzKOy9KoQknhRdFpsD50ZAO1wn5nGgok2U=s176-c-k-c0x00ffffff-no-rj", "heart": false}
{"cid": "UgwWKQ11CTJTS_qwCJB4AaABAg", "text": "really nice, not easy to execute, but idk if its unique enough", "time": "3Í∞úÏõî Ï†Ñ", "author": "Patrick Cooke", "channel": "UCIwKkLkkHOEhxmXkeVyEAMQ", "votes": "0", "photo": "https://yt3.ggpht.com/ytc/AAUvwnh9iai4mfAVqAhF6TWyjwDSlWEeRMg7cZl5cV0rmA=s176-c-k-c0x00ffffff-no-rj", "heart": false}
{"cid": "UgzpIhHzkn6b2aiOf3J4AaABAg", "text": "Fifa 99 Balance", "time": "3Í∞úÏõî Ï†Ñ", "author": "Eligella Eierkopf", "channel": "UC2TW6Exdd1J1eBXyjtj0g9A", "votes": "0", "photo": "https://yt3.ggpht.com/ytc/AAUvwniWp4TDVsbkOVEQVcxDsQCFRqeZ6D9rOKEpm-IZqw=s176-c-k-c0x00ffffff-no-rj", "heart": false}
{"cid": "UgwoW4D06yKytpIhvSl4AaABAg", "text": "bien jou√© Jordan!", "time": "3Í∞úÏõî Ï†Ñ", "author": "Jean Rillet", "channel": "UCnx5tILTj6ttDrWxzDmux7Q", "votes": "0", "photo": "https://yt3.ggpht.com/ytc/AAUvwniWhBv5WS8zPnV-Gs_0hecmAlSBO7pR0QnPwWkgdQ=s176-c-k-c0x00ffffff-no-rj", "heart": false}
{"cid": "Ugw2ttD-j0tQLWwTkot4AaABAg", "text": "This is the winner for me", "time": "3Í∞úÏõî Ï†Ñ", "author": "Wade", "channel": "UCHJXUOTkpLDMTn3K9i6xyMw", "votes": "0", "photo": "https://yt3.ggpht.com/ytc/AAUvwngs_HRzs5q126cLJkIYnd-VZ2MlhbsBhbHyBcu_dA=s176-c-k-c0x00ffffff-no-rj", "heart": false}
{"cid": "UgyiVSJ76LIN9Y8hPIp4AaABAg", "text": "hey physics, will I see you at dinner?", "time": "3Í∞úÏõî Ï†Ñ", "author": "Dsmnd „ÉÑ", "channel": "UCrdWZPd8gN8kthutaq3on1g", "votes": "8", "photo": "https://yt3.ggpht.com/ytc/AAUvwnhXFlDOnL0Gal2BMu0s--NdB4GOS4F6mhDcTB5-=s176-c-k-c0x00ffffff-no-rj", "heart": false}
{"cid": "UgyXwy71qMlgzg4Ns4N4AaABAg", "text": "This HAS to get top 3 or even win", "time": "3Í∞úÏõî Ï†Ñ", "author": "Pickle", "channel": "UC_vPMw1XXIdIqw9hbVMHqJw", "votes": "4", "photo": "https://yt3.ggpht.com/ytc/AAUvwngN1ktl-c932o9kicNUE4milf3YGodklrTwQdfSpA=s176-c-k-c0x00ffffff-no-rj", "heart": false}
{"cid": "UgyArcfmy_onmS__eqp4AaABAg", "text": "In south east asia region we call this:  Takraw Ball (Sepak Takraw). Many Takraw Ball athletes can do this easilyüòÅ because it is the basic of Takraw Ball", "time": "3Í∞úÏõî Ï†Ñ(ÏàòÏ†ïÎê®)", "author": "Game‚Äî Nos", "channel": "UC3pjrzn4IHEdr1pHTFjtaGw", "votes": "0", "photo": "https://yt3.ggpht.com/ytc/AAUvwniRqUdbVzhmNJrDUMNZK2gm4RIUgjDrjPU8dA=s176-c-k-c0x00ffffff-no-rj", "heart": false}
{"cid": "Ugy-tlvyljMJyh0I38l4AaABAg", "text": "Imagine not pulling ur hammy after executed that volley....", "time": "3Í∞úÏõî Ï†Ñ", "author": "B. Nainggolan Channel", "channel": "UC-HglGGTyte8PGpnoKYugWA", "votes": "0", "photo": "https://yt3.ggpht.com/ytc/AAUvwngpjHzE7llC2X6up9awH46OOniVXK3L5BubNU7yew=s176-c-k-c0x00ffffff-no-rj", "heart": false}
{"cid": "UgxzmYXAmsE5pQ_hR6p4AaABAg", "text": "un karateka", "time": "3Í∞úÏõî Ï†Ñ", "author": "Jos√© Pablo Vargas Morales", "channel": "UCVsl-5XlEm64kr2qbv7aNzg", "votes": "0", "photo": "https://yt3.ggpht.com/ytc/AAUvwng_rSyNHpuVQGU7a86QDIJ-nwfml_pb0Bwkpg=s176-c-k-c0x00ffffff-no-rj", "heart": false}
{"cid": "UgyGGfa_EAWF9DEHayR4AaABAg", "text": "that should be the winner", "time": "3Í∞úÏõî Ï†Ñ", "author": "Tarjuful Tabeeb", "channel": "UCREpPYY5mfH6awO2zZ-wBgQ", "votes": "0", "photo": "https://yt3.ggpht.com/ytc/AAUvwnhDZofFlVFskXuoPH0wg-hfQBbBwjqcsid_lmJv=s176-c-k-c0x00ffffff-no-rj", "heart": false}
{"cid": "UgyrjabgHfI-9jPAPPF4AaABAg", "text": "üî•üî•üî•üî•", "time": "3Í∞úÏõî Ï†Ñ", "author": "Bagus Armansyah", "channel": "UCy8hyHZJ3kq8GTJUKvcl_vA", "votes": "0", "photo": "https://yt3.ggpht.com/ytc/AAUvwnjKca3hsrXrHPfLsHfSK_t-xxRrn1mfvY_0LCVc=s176-c-k-c0x00ffffff-no-rj", "heart": false}
{"cid": "UgzyFLWnPtuRfvuGnP14AaABAg", "text": "–ö—Ä—É—Ç–æüòç", "time": "3Í∞úÏõî Ï†Ñ", "author": "–î–∞—É—Ä–µ–Ω –¢–ª–µ–≥–µ–Ω–æ–≤", "channel": "UCzhQLKR8VGs10jMZZA2-JaQ", "votes": "0", "photo": "https://yt3.ggpht.com/ytc/AAUvwniOAOFxj6yA_r78WjEE6WguS0Gc0Lj3u8UmHg=s176-c-k-c0x00ffffff-no-rj", "heart": false}
{"cid": "UgwWvNH5vc4bQ0j0ITJ4AaABAg", "text": "Come on guys this is Sunday league level", "time": "3Í∞úÏõî Ï†Ñ", "author": "JW Animations", "channel": "UCtxlzbvAsnpjK-T3W4aZ_Cg", "votes": "0", "photo": "https://yt3.ggpht.com/ytc/AAUvwniamH9W3VdYzbcZUkYSsV9FBjvkiy3Q4pTu2g=s176-c-k-c0x00ffffff-no-rj", "heart": false}
{"cid": "UgxZT4pKJQY5PazQRc54AaABAg", "text": "Absolute disgrace this didn't get into the top three", "time": "3Í∞úÏõî Ï†Ñ", "author": "gum paste", "channel": "UCIuCXlRANDruu2nn1M92q8A", "votes": "0", "photo": "https://yt3.ggpht.com/ytc/AAUvwnh5iOUE50UtfyKyO3vYjqWOf9r2EweMZPUdyGME=s176-c-k-c0x00ffffff-no-rj", "heart": false}
{"cid": "UgzCkvtuBzjsCPmSpgp4AaABAg", "text": "Why is there first movie Ron Weasley in the crowd at 0:12", "time": "3Í∞úÏõî Ï†Ñ", "author": "Stefano Spinelli", "channel": "UCso7h6ci51WDi_tOtZu0weg", "votes": "0", "photo": "https://yt3.ggpht.com/ytc/AAUvwngmsEPWjeOx8Ha_bZin5hH4TnUY2SJbNTMbQA=s176-c-k-c0x00ffffff-no-rj", "heart": false}
{"cid": "Ugw1QOmsTUDQwVsk-v94AaABAg", "text": "what a bug! FIFA21 has the worse physics ever, if every goal will look like this what we get? Captain Tsubasa?", "time": "3Í∞úÏõî Ï†Ñ", "author": "claroseduardo", "channel": "UCbnFD_8-t9QnldpWFTLLi5Q", "votes": "0", "photo": "https://yt3.ggpht.com/ytc/AAUvwnieFSadMb-Vc91VW6IAxuAa92xlf6mriiU_kw=s176-c-k-c0x00ffffff-no-rj", "heart": false}
{"cid": "Ugw0zkSRcpUb4EFgndt4AaABAg", "text": "100x time better goal than Suarez", "time": "3Í∞úÏõî Ï†Ñ", "author": "Androjde Makaveli", "channel": "UCrMS2yS-Tj3R9I7LowbfRfA", "votes": "0", "photo": "https://yt3.ggpht.com/ytc/AAUvwnjo8-2KtpE0eTPlvG4jcXsgbFaAtP40_U_PEl80jw=s176-c-k-c0x00ffffff-no-rj", "heart": false}
{"cid": "UgyMdSPJc4gpIS8T83h4AaABAg", "text": "We have to mention that wonderful cross!!", "time": "3Í∞úÏõî Ï†Ñ", "author": "Tulio Wetler", "channel": "UCSWL9jh5MPhkjbJYnHyy1Pw", "votes": "4", "photo": "https://yt3.ggpht.com/ytc/AAUvwniTjbtf_F6hvdl8zWlowfipRAAqRpTJEAg53mMQyg=s176-c-k-c0x00ffffff-no-rj", "heart": false}
{"cid": "Ugzhyuode8xaA0b6uVp4AaABAg", "text": "Not that much better than that volley goal by that woman from Chelsea tbh. Don‚Äôt know why people are hyping this up. It‚Äôs a great goal, but Puskas worthy? Really? All he did was lift his leg up really high.", "time": "3Í∞úÏõî Ï†Ñ(ÏàòÏ†ïÎê®)", "author": "WD", "channel": "UCLTYKqA_9kuC4M6vHun_lnQ", "votes": "0", "photo": "https://yt3.ggpht.com/ytc/AAUvwnj1Ghn1OTZyL5ilYaLYclqJdleipzWSnWrBcoa_TQ=s176-c-k-c0x00ffffff-no-rj", "heart": false}
{"cid": "UgwWKQ11CTJTS_qwCJB4AaABAg.9H-BOL5iMmF9HPplmYjf3O", "text": "Can't recall seeing another goal struck like that into a top corner in a professional match. Care to elaborate on what unique means to you?", "time": "3Í∞úÏõî Ï†Ñ", "author": "tillbot8", "channel": "UCbiOW3VIOnx69SASWOgQhdQ", "votes": "0", "photo": "https://yt3.ggpht.com/ytc/AAUvwnhsEGHmoXjPlfQHemJ_ztyO-xxe57cHSKLzTw=s176-c-k-c0x00ffffff-no-rj", "heart": false}
{"cid": "UgwWKQ11CTJTS_qwCJB4AaABAg.9H-BOL5iMmF9H7GB1OILiA", "text": "you've got to be kidding me. its insane technique. you know nothing smh", "time": "3Í∞úÏõî Ï†Ñ", "author": "tom", "channel": "UCcNmqDiPFYr5V_PnGVZIvHw", "votes": "0", "photo": "https://yt3.ggpht.com/ytc/AAUvwnhkC5xJrVcRYIXl00NihgC1y--uZZY4WKGAraKpcw=s176-c-k-c0x00ffffff-no-rj", "heart": false}
{"cid": "UgwWvNH5vc4bQ0j0ITJ4AaABAg.9HAWWrYlYsJ9HAlF2UQRIX", "text": "Yeah Sunday league level while the player who scored this literally scored against Arsenal on Thursday night ü§°", "time": "3Í∞úÏõî Ï†Ñ", "author": "James M", "channel": "UCKBqjz6uIHLAHYGKF9Jj2ew", "votes": "0", "photo": "https://yt3.ggpht.com/ytc/AAUvwngiwEPUY4G1hVNeVIiUbvvixe5oZt9OnJFvQLLAIQ=s176-c-k-c0x00ffffff-no-rj", "heart": false}
{"cid": "Ugzhyuode8xaA0b6uVp4AaABAg.9HGZMuEbquq9HPpT4Xy6Je", "text": "I can find many goals just like Son's, great individual goal no doubt, mostly pace achieved it. Find me 3 other goals scored like this in professional football? Because it's rare means it's special, because it's special it deserves to win.", "time": "3Í∞úÏõî Ï†Ñ", "author": "tillbot8", "channel": "UCbiOW3VIOnx69SASWOgQhdQ", "votes": "0", "photo": "https://yt3.ggpht.com/ytc/AAUvwnhsEGHmoXjPlfQHemJ_ztyO-xxe57cHSKLzTw=s176-c-k-c0x00ffffff-no-rj", "heart": false}
{"cid": "UgwtN6riAfBK7e5lzrR4AaABAg", "text": "This voley looks like Matiƒá voley in 2013 puskas award nominee", "time": "4Í∞úÏõî Ï†Ñ", "author": "Bucky Beast", "channel": "UCH3H3i01kFVcs5lry7ylHgA", "votes": "0", "photo": "https://yt3.ggpht.com/ytc/AAUvwnhK_n-x-zQ7Vy18mm_jmy60SC7VQvO9XKM7MWqbwg=s176-c-k-c0x00ffffff-no-rj", "heart": false}
{"cid": "UgwSRGVH4D2gf-XPGKV4AaABAg", "text": "This volley like any average inazuma eleven hisatsu lol", "time": "4Í∞úÏõî Ï†Ñ(ÏàòÏ†ïÎê®)", "author": "yoga fernanda", "channel": "UCrkB4AayeMld_XCvLwTkt9g", "votes": "1", "photo": "https://yt3.ggpht.com/ytc/AAUvwnic7IL8frvTd7pfRBgV0_OckNAK-ZR5j-6jJA=s176-c-k-c0x00ffffff-no-rj", "heart": false}
{"cid": "UgzWpmQNB_0oYzLJ95d4AaABAg", "text": "Like if from Dundalk üéÇüëë", "time": "4Í∞úÏõî Ï†Ñ", "author": "Kevin Hanratty", "channel": "UCboDnOij3D_TVDgQ7hB2oNQ", "votes": "0", "photo": "https://yt3.ggpht.com/ytc/AAUvwnj-uYHgwM2SDtNEQ7_2EJHX8wPkiwgexQ-A20Js=s176-c-k-c0x00ffffff-no-rj", "heart": false}
{"cid": "Ugx2p8wnv2q0w3NxjHZ4AaABAg", "text": "This goal is insane;", "time": "4Í∞úÏõî Ï†Ñ", "author": "Î™®ÏΩîÏä§", "channel": "UC92-rZJcT8dTFOTgrFEZDZg", "votes": "0", "photo": "https://yt3.ggpht.com/ytc/AAUvwnit56WLgT6kaO2kbWpStzXkoejkhI_86dCNnfYE=s176-c-k-c0x00ffffff-no-rj", "heart": false}
{"cid": "UgyNE0BieBe5422gtTV4AaABAg", "text": "This has to be the winner", "time": "4Í∞úÏõî Ï†Ñ", "author": "Still in Progress", "channel": "UCVzzviaVmJv1iO-VSpoZiiQ", "votes": "0", "photo": "https://yt3.ggpht.com/ytc/AAUvwnjv5yi64uG3zzb8PDn5hS8cJFmtCyySrHp6pq4L=s176-c-k-c0x00ffffff-no-rj", "heart": false}
{"cid": "UgyBHh_YFa_bp4iFvd94AaABAg", "text": "ü•∂", "time": "4Í∞úÏõî Ï†Ñ", "author": "Nilson", "channel": "UCeFkiCLVsOSbjRzpKyoKDXA", "votes": "0", "photo": "https://yt3.ggpht.com/ytc/AAUvwnjVohdoV-y36a79oLIA_f5rntP5-L0oq2dJE23LoA=s176-c-k-c0x00ffffff-no-rj", "heart": false}
{"cid": "UgytDA_8I2ijAv5hbCZ4AaABAg", "text": "The beauty of this goal was how high he met the ball. Almost near his head and still nailed it.", "time": "4Í∞úÏõî Ï†Ñ", "author": "Thyagarajan Venkatanarayanan", "channel": "UCzhMf81f4tow-eoQE9lrmvQ", "votes": "20", "photo": "https://yt3.ggpht.com/ytc/AAUvwnjI9dS-pWz2GUndgqYtOPa_hmMenszdPtDt77u5WH4=s176-c-k-c0x00ffffff-no-rj", "heart": false}
{"cid": "Ugznlpq05k5DxY-KEsV4AaABAg", "text": "For me it is this one vs the Gignac one. Tough choice. Incredible balance by Flores for this one, although Gignac had his back to goal...", "time": "3Í∞úÏõî Ï†Ñ", "author": "S J", "channel": "UCko_fmd0mDZL-hA6G8BMkxQ", "votes": "0", "photo": "https://yt3.ggpht.com/ytc/AAUvwniq2XLnFUugdkxwkH_2AiLfTKHBcDpfDJGRdQ=s176-c-k-c0x00ffffff-no-rj", "heart": false}
{"cid": "Ugxyr2EYhzdKyvYOKvB4AaABAg", "text": "My hamstring: ‚Äîüí• ‚Äî", "time": "3Í∞úÏõî Ï†Ñ", "author": "Rohan Chivukula", "channel": "UCASX0QmZ4yF-nsTB-OQYrGw", "votes": "81", "photo": "https://yt3.ggpht.com/ytc/AAUvwngGM8c03QTT3QktmuOklxYVLPb7kRFZQrdVASvYEA=s176-c-k-c0x00ffffff-no-rj", "heart": false}
{"cid": "UgwV3uwkQJ4GaMxyga54AaABAg", "text": "He should be winning the award just for lifting his leg so high.", "time": "3Í∞úÏõî Ï†Ñ", "author": "Archankumar myana", "channel": "UCZJNc3_s4OvjZFkjfuLqwEQ", "votes": "28", "photo": "https://yt3.ggpht.com/ytc/AAUvwniiJEEpE7F0cE8rFt3zOSsod_7KlZ2flFFCIfyinA=s176-c-k-c0x00ffffff-no-rj", "heart": false}
{"cid": "UgySWP73t99Ap8MlZ9F4AaABAg", "text": "People are gonna vote for Son cuz of his popularity but this should be the winner", "time": "3Í∞úÏõî Ï†Ñ", "author": "Rutuj Bhatt", "channel": "UCN58R1GcSuZWuYeun_L1zWQ", "votes": "7", "photo": "https://yt3.ggpht.com/ytc/AAUvwnhkqExPecMyyzwA8lYcnzfVZPqWyHBYtiz2qQRP-w=s176-c-k-c0x00ffffff-no-rj", "heart": false}
{"cid": "UgyOa9HTqEAfYblSb_J4AaABAg", "text": "Great goal but they still lost the the mighty Shamrock Rovers 3-2", "time": "3Í∞úÏõî Ï†Ñ", "author": "Kieran Greene", "channel": "UCgzdxUIynkdPv0cuT0mdsHA", "votes": "3", "photo": "https://yt3.ggpht.com/ytc/AAUvwniJH5eSgGuEBO2yMnI_ZiGJinlHOuAF00AJKQ=s176-c-k-c0x00ffffff-no-rj", "heart": false}
{"cid": "UgyRlEjVaxYqxTKOdJx4AaABAg", "text": "Fifa We ask you to pay attention, because you are tired of what is happening and you do not interfere. Everyone is trying to reach you, but you are far from us.", "time": "3Í∞úÏõî Ï†Ñ", "author": "ÿ¥ŸäŸÖŸà ŸÖÿ≠ŸÖÿØ", "channel": "UCpXbhofdCqw0yzOjHxMVsww", "votes": "0", "photo": "https://yt3.ggpht.com/ytc/AAUvwni9rhlE1p2adsU7spQG1ExpapRFTYWspfsXNw=s176-c-k-c0x00ffffff-no-rj", "heart": false}
{"cid": "UgwZjPTawfThjyxwK114AaABAg", "text": "This is extraordinary. This should win.", "time": "3Í∞úÏõî Ï†Ñ", "author": "Dan Preston", "channel": "UCGOCZnqAr-7OQSG03PxV0Qw", "votes": "0", "photo": "https://yt3.ggpht.com/ytc/AAUvwnh6Oaz92RPaHV3FJVx_V1udOwX74FnihP8d9O6i=s176-c-k-c0x00ffffff-no-rj", "heart": false}
{"cid": "UgybhuYjrWGaMEE66Xd4AaABAg", "text": "Jordan Flores A player and where he lives?", "time": "3Í∞úÏõî Ï†Ñ", "author": "Paul Kint", "channel": "UCPXAqpdbOrOTRINXmSFZTOA", "votes": "0", "photo": "https://yt3.ggpht.com/ytc/AAUvwniM-8a3Lc3KOqC243KjX1kEGptjKlpu-KWeEq9z=s176-c-k-c0x00ffffff-no-rj", "heart": false}
{"cid": "Ugy9KoS6jn9L_WKQf8d4AaABAg", "text": "What a volley, I had to do a double take there just to make sure it wasn't Zlatan!!.", "time": "3Í∞úÏõî Ï†Ñ", "author": "Bruno Magnifico", "channel": "UCG6RF25Nn6O-E3kWTwVkmYQ", "votes": "1", "photo": "https://yt3.ggpht.com/ytc/AAUvwni8_3gH9jGPVtNIVeLDNeaJMaMECPXn30FomWY3fQ=s176-c-k-c0x00ffffff-no-rj", "heart": false}
{"cid": "UgwLCdwZwG3LgCWdnxB4AaABAg", "text": "winner. thank me later.", "time": "3Í∞úÏõî Ï†Ñ", "author": "umaga", "channel": "UCw5oSEFpkrGI_9Qs2NhQ49g", "votes": "0", "photo": "https://yt3.ggpht.com/ytc/AAUvwnhrqwN3eOWGopVgYcM2WarEniLDpiC4QZ7LNg=s176-c-k-c0x00ffffff-no-rj", "heart": false}
{"cid": "UgxzWGMbA30wvPQZKT94AaABAg", "text": "zlatan will be proud", "time": "3Í∞úÏõî Ï†Ñ", "author": "alfred yap", "channel": "UCucLb5ywKR96eJd88_O79aQ", "votes": "0", "photo": "https://yt3.ggpht.com/ytc/AAUvwngkuIbeetEtVWKI0b2jAHSu9joe7GRjNFL7-zVeow=s176-c-k-c0x00ffffff-no-rj", "heart": false}
{"cid": "UgyuTY8ThmfN0H9U3Bh4AaABAg", "text": "T", "time": "3Í∞úÏõî Ï†Ñ", "author": "Antinio Caisse", "channel": "UCTZ4gUEHFJ_NUdtdtfGa-7Q", "votes": "0", "photo": "https://yt3.ggpht.com/ytc/AAUvwnid3pGr7p5qKhsYGqDNJ_-7k1E8AxqQCDIxww=s176-c-k-c0x00ffffff-no-rj", "heart": false}
{"cid": "UgxcXLEsmffOsJOorf14AaABAg", "text": "People  who voted for Son don't realize how difficult this is...... top class hit", "time": "3Í∞úÏõî Ï†Ñ", "author": "Ian Smith", "channel": "UCWPjAkXHLoeB1u6ikuhURIw", "votes": "3", "photo": "https://yt3.ggpht.com/ytc/AAUvwng5MzdMy5CrNpIsNtpo7tCC-hA8dM75ihj96A=s176-c-k-c0x00ffffff-no-rj", "heart": false}
{"cid": "UgySWP73t99Ap8MlZ9F4AaABAg.9Gm9ZE4OciI9H-6qXpgRcJ", "text": "I mean they‚Äôre very different goals\nThis was a quality strike and his balance was incredible, whereas sons goal was sheer pace and ball control\nDepends what you prefer, I guess", "time": "3Í∞úÏõî Ï†Ñ", "author": "Brandon Sadler-Gray", "channel": "UC9lWj5zjn-5s30b4e5GHLUA", "votes": "0", "photo": "https://yt3.ggpht.com/ytc/AAUvwngD11KLrIIe1-FfnLQMz96uaL4slzqbTbXExpHK=s176-c-k-c0x00ffffff-no-rj", "heart": false}
{"cid": "UgySWP73t99Ap8MlZ9F4AaABAg.9Gm9ZE4OciI9GvN6nFibwa", "text": "No De Arrascaeta should win but your right son will win just cuz he plays at Tottenham", "time": "3Í∞úÏõî Ï†Ñ", "author": "Animes sind scheisse", "channel": "UCy426zdnpiyWlm-oVrVbMTQ", "votes": "0", "photo": "https://yt3.ggpht.com/ytc/AAUvwng6-eJP3eBh4ZfQJHqFslxhrhAWtNb5wfQI5xMB=s176-c-k-c0x00ffffff-no-rj", "heart": false}
{"cid": "UgySWP73t99Ap8MlZ9F4AaABAg.9Gm9ZE4OciI9GpRLNGkB27", "text": "True or the Brazilian bicycle too", "time": "3Í∞úÏõî Ï†Ñ", "author": "teleko admasu", "channel": "UC3jcywvM2CxOvquJPYDWpCw", "votes": "0", "photo": "https://yt3.ggpht.com/ytc/AAUvwnjq2VLJbTl0gj1-syuzUjAn5FUQG3VlGaZeVg=s176-c-k-c0x00ffffff-no-rj", "heart": false}
{"cid": "UgybhuYjrWGaMEE66Xd4AaABAg.9Gu0NGVWuW79GuVcQxQ2An", "text": "League of Ireland", "time": "3Í∞úÏõî Ï†Ñ", "author": "Darragh Kellaway", "channel": "UCa3ReAqjqjGJhju4y4bG_yw", "votes": "0", "photo": "https://yt3.ggpht.com/ytc/AAUvwnjwHee7Hq_w5_de6rwg-fSX2sGAhSEjGok-KHLfWg=s176-c-k-c0x00ffffff-no-rj", "heart": false}
{"cid": "UgxcXLEsmffOsJOorf14AaABAg.9GzO9jYAvmC9H-AgCRgIAz", "text": "You do not know how hard sons goal is as well", "time": "3Í∞úÏõî Ï†Ñ", "author": "Shinta Kikuchi", "channel": "UCnTXLfFvy2PR88o0AMQ3Arg", "votes": "1", "photo": "https://yt3.ggpht.com/ytc/AAUvwnh0v6fII113qEFnYh02lvWyOnt2WBD7z4B3z1JksUE=s176-c-k-c0x00ffffff-no-rj", "heart": false}
{"cid": "UgxVnJIFJ5HBGNqwfUR4AaABAg", "text": "Goal like ibrahimovic", "time": "4Í∞úÏõî Ï†Ñ", "author": "kenny vanden abeele", "channel": "UCmbLAJz2PDGyNtrqOTHrhmw", "votes": "0", "photo": "https://yt3.ggpht.com/ytc/AAUvwng39lbieezyMyiXQIlsUauQHq4AmvGXl34leg=s176-c-k-c0x00ffffff-no-rj", "heart": false}
{"cid": "UgxwKmoO3fdxTsJyNMd4AaABAg", "text": "I‚Äôm from Ireland much love Dundalk let‚Äôs go trough next year in uropa league", "time": "4Í∞úÏõî Ï†Ñ", "author": "Ronan Cox", "channel": "UCCZawZogvCr_X1dSj-qWAaQ", "votes": "12", "photo": "https://yt3.ggpht.com/ytc/AAUvwniM2MSeYpbkIMRpQqxcvH87NLAiUieXPuf5Fg=s176-c-k-c0x00ffffff-no-rj", "heart": false}
{"cid": "Ugy1pcFuYr_1s7P9Eth4AaABAg", "text": "Btw I was watching that game live with my dad at home we were going mental", "time": "4Í∞úÏõî Ï†Ñ", "author": "Ronan Cox", "channel": "UCCZawZogvCr_X1dSj-qWAaQ", "votes": "1", "photo": "https://yt3.ggpht.com/ytc/AAUvwniM2MSeYpbkIMRpQqxcvH87NLAiUieXPuf5Fg=s176-c-k-c0x00ffffff-no-rj", "heart": false}
{"cid": "Ugwafim7EuIH_Q5ENal4AaABAg", "text": "My favourite. Is that even possible physically?", "time": "4Í∞úÏõî Ï†Ñ", "author": "Filipe", "channel": "UCRF0gYvsW9MTvuia-p3kZzA", "votes": "7", "photo": "https://yt3.ggpht.com/ytc/AAUvwngg5uyZBWXYuBvsahwaCLWbopQZfF-WtU6lmKwS4w=s176-c-k-c0x00ffffff-no-rj", "heart": false}
{"cid": "UgwXqFkGUkZS2wATEcd4AaABAg", "text": "BOSH!", "time": "4Í∞úÏõî Ï†Ñ", "author": "Alastair McKee", "channel": "UCLdylU3n4Eg3cAG-TC5TbZA", "votes": "0", "photo": "https://yt3.ggpht.com/ytc/AAUvwnifaYT3SnbnH_5aiNuP_r81mbHcuYtWdU6wM_EPHgk=s176-c-k-c0x00ffffff-no-rj", "heart": false}
{"cid": "UgyGeCgvG3Rin6qd2GV4AaABAg", "text": "que golazo tocayo", "time": "4Í∞úÏõî Ï†Ñ", "author": "Jhordan Peralta", "channel": "UCsrsGqbhu24QL8cpNcjsISQ", "votes": "0", "photo": "https://yt3.ggpht.com/ytc/AAUvwniYFL9QZ3w5oF2mav8vFLqgnJ1nNicLtHxJoedYJHA=s176-c-k-c0x00ffffff-no-rj", "heart": false}
{"cid": "UgyJanIoL-wzuygSYnl4AaABAg", "text": "I'm very sorry Son....", "time": "4Í∞úÏõî Ï†Ñ", "author": "David Comba Moreno", "channel": "UCDGo9hU5jFpT9e7MqyB3m1g", "votes": "0", "photo": "https://yt3.ggpht.com/ytc/AAUvwnikK25Bq3lf0GKuj85d7_iYVqfLVtwg5fdHFRRqUw=s176-c-k-c0x00ffffff-no-rj", "heart": false}
{"cid": "Ugzh35Upii-RrEtTV3J4AaABAg", "text": "Arrascaeta Winner goal Puskas", "time": "4Í∞úÏõî Ï†Ñ", "author": "Lucas da Silva", "channel": "UC_X9-EmDLM6rtEgov93ZRwg", "votes": "0", "photo": "https://yt3.ggpht.com/ytc/AAUvwnhGAycqHvrL4uKpHJ3qdWyr2vHtZnFe-FNB53W9=s176-c-k-c0x00ffffff-no-rj", "heart": false}
{"cid": "UgzRwlcNqGt0uzZgZ_p4AaABAg", "text": "Son is the best ever", "time": "4Í∞úÏõî Ï†Ñ", "author": "Ïó∞ÏÑ∏ÎåÄ21ÌïôÎ≤à", "channel": "UC0bQnWy1o8bEeKWRpuxEIKQ", "votes": "0", "photo": "https://yt3.ggpht.com/ytc/AAUvwnjAS4TJw0WVX39KzDlGguDqbIDV-hb9SYHBWDaM=s176-c-k-c0x00ffffff-no-rj", "heart": false}
{"cid": "UgwlBky-DhuO9aFnxRp4AaABAg", "text": "This must win", "time": "4Í∞úÏõî Ï†Ñ", "author": "Marcus O'Brien", "channel": "UCYUOAXyYvCciJHwpv5jx-qA", "votes": "1", "photo": "https://yt3.ggpht.com/ytc/AAUvwngGmFExxhAx37hwInDN7U3iayGZn8iNyVcHkEPT=s176-c-k-c0x00ffffff-no-rj", "heart": false}
{"cid": "UgyqTqEXkXiB29L_9ax4AaABAg", "text": "I'm certain it's been said, Zidane's goal against Leverkusen esk. Stunning goal. Wish him the best.", "time": "4Í∞úÏõî Ï†Ñ", "author": "breathlessfish14", "channel": "UCp8MLclxBmwwZH4R8TdZYBw", "votes": "1", "photo": "https://yt3.ggpht.com/ytc/AAUvwnhVVY_GwTUBMc_EG7J1OiexT0k192QYh7F2Hg=s176-c-k-c0x00ffffff-no-rj", "heart": false}
{"cid": "UgzfCQKxSItEpzfIarR4AaABAg", "text": "Cracking GoalüëèüëèüëèüëèüáÆüá™", "time": "4Í∞úÏõî Ï†Ñ", "author": "Joe Oshea", "channel": "UCWqAeaR7sIjtxxtxRPF4f_w", "votes": "0", "photo": "https://yt3.ggpht.com/ytc/AAUvwnicZKAUAse2QRkYpM2_tNoA_4ksdJViAtL73g=s176-c-k-c0x00ffffff-no-rj", "heart": false}
{"cid": "Ugxbtitl8XYWF8HxJLh4AaABAg", "text": "For those who play soccer, its undeniable that this is the Puska‚Äôs 2020 winner.", "time": "4Í∞úÏõî Ï†Ñ", "author": "Guilherme S√°", "channel": "UCrTfKAZN0iiAJQSqsRoTqfQ", "votes": "3", "photo": "https://yt3.ggpht.com/ytc/AAUvwnjlbNLX8WZoyQsEplihNpG663UDAgtq60z_FA=s176-c-k-c0x00ffffff-no-rj", "heart": false}
{"cid": "UgwN1Tl3d6fwi1cRRcR4AaABAg", "text": "winner", "time": "4Í∞úÏõî Ï†Ñ", "author": "Andrew Clavin", "channel": "UCtrTqMniXacAYeVhhKf7c8A", "votes": "0", "photo": "https://yt3.ggpht.com/ytc/AAUvwngQbkKq78qxFKwJsqnN25GmTHBcb1CAYkZro30KuA=s176-c-k-c0x00ffffff-no-rj", "heart": false}
{"cid": "UgzZNYY3Qwp_nCbsnZB4AaABAg", "text": "the perfect volley..", "time": "4Í∞úÏõî Ï†Ñ", "author": "arcaesol", "channel": "UC67IlR2vLBrCUBI3AgRNI0g", "votes": "2", "photo": "https://yt3.ggpht.com/ytc/AAUvwngy3ISK3xmIcNalL547HjCIuevQIhA3wQ-9CGXAzw=s176-c-k-c0x00ffffff-no-rj", "heart": false}
{"cid": "UgwiLFkN0KIgNXg_HH14AaABAg", "text": "I voted for him", "time": "4Í∞úÏõî Ï†Ñ", "author": "Sthita", "channel": "UCmlhB-ncPhUimUxhC0nnuOQ", "votes": "0", "photo": "https://yt3.ggpht.com/ytc/AAUvwniRYuA6lqs8AyGFrisS4vlhAX1ci-GzZH3leyEPVA=s176-c-k-c0x00ffffff-no-rj", "heart": false}
{"cid": "UgwoVwuaoC7gHrfVWWR4AaABAg", "text": "OK look, I'm a Spurs fan and Son is my favorite player... but this one gets my vote. I have NEVER seen anybody hit a volley with that kind of extension. Head high, and he didn't even JUMP? Are you kidding me?!? This goal is absolutely sick. Get out the gold trophy.", "time": "4Í∞úÏõî Ï†Ñ", "author": "Derek Wood", "channel": "UCDGWNZ13L_KLmnUgK7QnHug", "votes": "7", "photo": "https://yt3.ggpht.com/ytc/AAUvwnjEqdMOzLG5uIjKzMfMJpEU6WiQKG32Gf1mfMWDIg=s176-c-k-c0x00ffffff-no-rj", "heart": false}
{"cid": "UgwBpmmFWjmZVFWZI4d4AaABAg", "text": "Great volley. Zlatan would be proud of him", "time": "4Í∞úÏõî Ï†Ñ", "author": "Cliff Cliff", "channel": "UCsTj2Ci4k3CigVyrIFlGO_A", "votes": "2", "photo": "https://yt3.ggpht.com/ytc/AAUvwniD2PooBidJy7rENQegwbHjS-rkiwNzIYLBL75UHg=s176-c-k-c0x00ffffff-no-rj", "heart": false}
{"cid": "UgwHzWC_p67UB1NW0G94AaABAg", "text": "Great finish!", "time": "4Í∞úÏõî Ï†Ñ", "author": "Religia Sportului", "channel": "UC5mBgoBpdcWOl0U_WMlgoaw", "votes": "0", "photo": "https://yt3.ggpht.com/ytc/AAUvwnhlcTjcPVwm8RvNfsN7TH9L0ge9881QB-AYou1_=s176-c-k-c0x00ffffff-no-rj", "heart": false}
{"cid": "Ugx_twCba58L8xGBsUN4AaABAg", "text": "why ibrahiimovic", "time": "4Í∞úÏõî Ï†Ñ", "author": "jack noodle", "channel": "UCxz73wv7sFwgcRoodBI3PrQ", "votes": "0", "photo": "https://yt3.ggpht.com/ytc/AAUvwnhztwPLvOIGk8XpUzWrfH6S_j4oN6OXYWTVlQ=s176-c-k-c0x00ffffff-no-rj", "heart": false}
{"cid": "Ugy1pcFuYr_1s7P9Eth4AaABAg.9GVJJeSxuqE9GiI_BHk2iS", "text": "¬†@EdenHazard10 Official¬†  mate I hope Dundalk can do better in Europea leage next year", "time": "4Í∞úÏõî Ï†Ñ", "author": "Ronan Cox", "channel": "UCCZawZogvCr_X1dSj-qWAaQ", "votes": "0", "photo": "https://yt3.ggpht.com/ytc/AAUvwniM2MSeYpbkIMRpQqxcvH87NLAiUieXPuf5Fg=s176-c-k-c0x00ffffff-no-rj", "heart": false}
{"cid": "Ugy1pcFuYr_1s7P9Eth4AaABAg.9GVJJeSxuqE9GhTYc_cUbK", "text": "i went to that match and i aint even irish", "time": "4Í∞úÏõî Ï†Ñ", "author": "EdenHazard10 Official", "channel": "UC3_QlqR4GuoMFfdqObQS4kA", "votes": "0", "photo": "https://yt3.ggpht.com/ytc/AAUvwnio853Gjg2jh8I46BR_qfBGowfBTC3HOy8ImhV6oA=s176-c-k-c0x00ffffff-no-rj", "heart": false}
{"cid": "UgzRwlcNqGt0uzZgZ_p4AaABAg.9GWltORpZJG9GZAECVdxvo", "text": "ofcourse, mr korea", "time": "4Í∞úÏõî Ï†Ñ", "author": "mr.1n5an_e", "channel": "UCHGLFwBkreFJEAfbjiEPqsg", "votes": "0", "photo": "https://yt3.ggpht.com/ytc/AAUvwnjlPNueGzORz4e_1u8BPZ7994dWhzTseVDK59-hXg=s176-c-k-c0x00ffffff-no-rj", "heart": false}
{"cid": "Ugxbtitl8XYWF8HxJLh4AaABAg.9GZLZUnQaOe9GoEiTpAdrM", "text": "Football*", "time": "3Í∞úÏõî Ï†Ñ", "author": "EB Z", "channel": "UC25yFupRs-jT7oWg2yHhzrw", "votes": "1", "photo": "https://yt3.ggpht.com/ytc/AAUvwnjIPqaR7akgHhNb4Vyb02RLsnRLBkrPLnY4H7fy=s176-c-k-c0x00ffffff-no-rj", "heart": false}
{"cid": "Ugxbtitl8XYWF8HxJLh4AaABAg.9GZLZUnQaOe9G__gL903ni", "text": "Without a doubt, but no doubt Son or Suarez will win cause they're famous....", "time": "4Í∞úÏõî Ï†Ñ", "author": "Cathal Fallon", "channel": "UC-WuSSa-x00XWVh_UDKVu-w", "votes": "3", "photo": "https://yt3.ggpht.com/ytc/AAUvwnjAiY7VtsbyoX-oE1n9jxa1EmT7GQt727snkQ=s176-c-k-c0x00ffffff-no-rj", "heart": false}
{"cid": "Ugw9iqwcHDvpnTGJdAp4AaABAg", "text": "Look at Where his foot isü§Ø", "time": "4Í∞úÏõî Ï†Ñ", "author": "Botond Szalai", "channel": "UC99Id5eZa27en6Aog5y3pMg", "votes": "72", "photo": "https://yt3.ggpht.com/ytc/AAUvwnjPE-peLXq4DeETp7RQ6oYiWL59H6XimQoYlxGsVw=s176-c-k-c0x00ffffff-no-rj", "heart": false}
{"cid": "UgyTLeDasViq6GY0Tex4AaABAg", "text": "underrated goal", "time": "4Í∞úÏõî Ï†Ñ", "author": "soriba", "channel": "UChL-6yRwiUN7Q2Rj6zUIVBQ", "votes": "1", "photo": "https://yt3.ggpht.com/ytc/AAUvwngq0f_EHHwrW6KgAcYwS9w56cZAJBMpkdL66HwC=s176-c-k-c0x00ffffff-no-rj", "heart": false}
{"cid": "UgxpENo5d_c0c-LkdNt4AaABAg", "text": "The best goal. League of Ireland üáÆüá™", "time": "4Í∞úÏõî Ï†Ñ", "author": "James Madigan", "channel": "UCHiTqe7dxw1Og2qcXTJPzpg", "votes": "67", "photo": "https://yt3.ggpht.com/ytc/AAUvwnjQT6y3ndC73n8MJJ9Pwr8lzWhgWMz-YX62rmAuoQ=s176-c-k-c0x00ffffff-no-rj", "heart": false}
{"cid": "Ugx3TIgeNGLmZvvwDOF4AaABAg", "text": "I love how high he kicks maintaining his balance", "time": "4Í∞úÏõî Ï†Ñ", "author": "Mnr Black", "channel": "UCHzhQIld_oLwXb9ENfxXu5g", "votes": "225", "photo": "https://yt3.ggpht.com/ytc/AAUvwnhdWALM0Bk2Ct_of_ElbisIr0r-1AiQfotfCHzcFw=s176-c-k-c0x00ffffff-no-rj", "heart": false}
{"cid": "Ugy8xvKPikMjvtqYpf94AaABAg", "text": "Donde esta el Segundo golazo del huancayo al liverpol en la sudamericana", "time": "4Í∞úÏõî Ï†Ñ", "author": "JOSE CONDORI", "channel": "UCpjnRtHd-GqvVGOa-NiKwaQ", "votes": "0", "photo": "https://yt3.ggpht.com/ytc/AAUvwniY5n1rQag-uG04ywD01PYusN8ibHy8fEazHiFC=s176-c-k-c0x00ffffff-no-rj", "heart": false}
{"cid": "UgwIJI38OzLmmaQHsOB4AaABAg", "text": "DONDE ESTA EL GOLAZO DEL GRAU AL RIVER DE URUGUAY EN LA SUDAMERICANA", "time": "4Í∞úÏõî Ï†Ñ", "author": "JOSE CONDORI", "channel": "UCpjnRtHd-GqvVGOa-NiKwaQ", "votes": "0", "photo": "https://yt3.ggpht.com/ytc/AAUvwniY5n1rQag-uG04ywD01PYusN8ibHy8fEazHiFC=s176-c-k-c0x00ffffff-no-rj", "heart": false}
{"cid": "Ugw6hAROiyZw_O-YeEt4AaABAg", "text": "He hit that near head level! ü§Ø", "time": "4Í∞úÏõî Ï†Ñ", "author": "Northstar Kole", "channel": "UCm97KGTPYfZL6h3p8LMibNQ", "votes": "45", "photo": "https://yt3.ggpht.com/ytc/AAUvwnil13xUM7XWHrUxRQ1Y_ef9SxfqZJADhPPIHh1SiFQ=s176-c-k-c0x00ffffff-no-rj", "heart": false}
{"cid": "UgwZHq-F_p4o8LBEYZR4AaABAg", "text": "MON JORDAN BAI", "time": "4Í∞úÏõî Ï†Ñ", "author": "Toffeesfan03", "channel": "UCMt-9QTod4Xh-tctPMn3HnA", "votes": "0", "photo": "https://yt3.ggpht.com/ytc/AAUvwni1HfXeCKqjIf-0C_Zr74P9rleSuMSfbnacYEnXHA=s176-c-k-c0x00ffffff-no-rj", "heart": false}
{"cid": "UgzDhLs31jpBQXHnYRV4AaABAg", "text": "what a hammer", "time": "4Í∞úÏõî Ï†Ñ", "author": "account 1", "channel": "UCZBjsWzJRs8yDVtsm63NIAg", "votes": "0", "photo": "https://yt3.ggpht.com/ytc/AAUvwngX6qzonrNBsQvh0ePbZDK3EXg9fNZz2tBxYwNVlQ=s176-c-k-c0x00ffffff-no-rj", "heart": false}
{"cid": "UgyltvyOM9a7y-jA0s54AaABAg", "text": "CMON THE TOWN ‚ö´Ô∏è‚ö™Ô∏è", "time": "4Í∞úÏõî Ï†Ñ", "author": "benmc206", "channel": "UCoSjEh_s4RFdnVZj731BIdQ", "votes": "4", "photo": "https://yt3.ggpht.com/ytc/AAUvwniKe-gKIS36v4aoE2jRe0JWkbGkSjo0yifQrY1g=s176-c-k-c0x00ffffff-no-rj", "heart": false}
{"cid": "UgzZ0yfIcQ6SMR1PD654AaABAg", "text": "DUNDALK FC", "time": "4Í∞úÏõî Ï†Ñ", "author": "benmc206", "channel": "UCoSjEh_s4RFdnVZj731BIdQ", "votes": "0", "photo": "https://yt3.ggpht.com/ytc/AAUvwniKe-gKIS36v4aoE2jRe0JWkbGkSjo0yifQrY1g=s176-c-k-c0x00ffffff-no-rj", "heart": false}
{"cid": "Ugx_P3Q-HkqQiwu_BRV4AaABAg", "text": "karate kid", "time": "4Í∞úÏõî Ï†Ñ", "author": "Daniel Brendan Dolatabadi", "channel": "UCDrsVQCktsEuEXPveiwvJ6A", "votes": "0", "photo": "https://yt3.ggpht.com/ytc/AAUvwniuQ8LImJmBl-qkvWG7CnQvCqpvOohm33ySYA=s176-c-k-c0x00ffffff-no-rj", "heart": false}
{"cid": "Ugxsf8-htBmrSGFH8SN4AaABAg", "text": "the cool thing is that when he hits the volley i think you can actually hear the air being penetrated", "time": "4Í∞úÏõî Ï†Ñ", "author": "frank dylong", "channel": "UCncI07sLYGt0DAbfVc4jFIA", "votes": "4", "photo": "https://yt3.ggpht.com/ytc/AAUvwnjBfn1vKuLdNbSOtfbyIVWG2L6jk4RlR5oRp49k8w=s176-c-k-c0x00ffffff-no-rj", "heart": false}
{"cid": "UgydDWd6LoeKgC0kiIF4AaABAg", "text": "Top 3 for sure", "time": "4Í∞úÏõî Ï†Ñ", "author": "my kz", "channel": "UCC86egVKIwp7vqK2jz8hJpQ", "votes": "0", "photo": "https://yt3.ggpht.com/ytc/AAUvwniT4FmJHDP8czmqbm619H4exEcQD90GUkglxojLKQ=s176-c-k-c0x00ffffff-no-rj", "heart": false}
{"cid": "UgzTPqfbQ-_de7xmsEZ4AaABAg", "text": "Amazing Volley. I will try vote for this one", "time": "4Í∞úÏõî Ï†Ñ", "author": "Darren MacEochaidh Kehoe", "channel": "UCGl5jOriFd7tSkL7OlGWRWw", "votes": "7", "photo": "https://yt3.ggpht.com/ytc/AAUvwnhPL9A6UI0kq3THTVwUSPHYH4BQIBBmehMtv0s6vw=s176-c-k-c0x00ffffff-no-rj", "heart": false}
{"cid": "UgxyyebaoT9XcveoBKJ4AaABAg", "text": "Come on the town", "time": "4Í∞úÏõî Ï†Ñ", "author": "Jack Weir", "channel": "UCEWR7gBax3h9peMfv3NB9AA", "votes": "1", "photo": "https://yt3.ggpht.com/ytc/AAUvwniRfNXtgzUa2mCN8nxgVooD2mSV9Z7ubFbP9-zZ=s176-c-k-c0x00ffffff-no-rj", "heart": false}
{"cid": "Ugysm8IRPiG0kFy51kZ4AaABAg", "text": "This should win, because of the difficulty level of hitting like this", "time": "4Í∞úÏõî Ï†Ñ", "author": "Kevin Ortiz", "channel": "UCJIJttVItmWzYrQSrNVklZg", "votes": "3", "photo": "https://yt3.ggpht.com/ytc/AAUvwngmdhVmWYCCn3Vx8kjAMwd1pqn8dUGd9Wqb_P6EUw=s176-c-k-c0x00ffffff-no-rj", "heart": false}
{"cid": "UgwevQGUhh7UfZP1GwZ4AaABAg", "text": "Cmon the Town üñ§ü§ç", "time": "4Í∞úÏõî Ï†Ñ", "author": "Kyle Muckian", "channel": "UCWCDAId-YVKzkTn-c621dYw", "votes": "1", "photo": "https://yt3.ggpht.com/ytc/AAUvwngvIOZgZoOIh2kXFHkMxsFm7JbnO6liKY0SZg=s176-c-k-c0x00ffffff-no-rj", "heart": false}
{"cid": "UgyBr-2bWReVZqJeFlJ4AaABAg", "text": "This goal should win. By far the most difficult skill of any of the goals on this list.", "time": "4Í∞úÏõî Ï†Ñ", "author": "James McCreery", "channel": "UCfED6FXbDzd5QkKvYAgRY9A", "votes": "4", "photo": "https://yt3.ggpht.com/ytc/AAUvwng6-9vRvRJA9n7ucTbQ2-W5E8FylXP-QsRaO_ed=s176-c-k-c0x00ffffff-no-rj", "heart": false}
{"cid": "UgwtSijNRljyLfK1SJJ4AaABAg", "text": "I'm irish and I didn't think we could do that!! üëèüî•", "time": "4Í∞úÏõî Ï†Ñ(ÏàòÏ†ïÎê®)", "author": "Epic_kevin_YT", "channel": "UC-aHynrmaXre4VQZ_dhC83Q", "votes": "0", "photo": "https://yt3.ggpht.com/ytc/AAUvwnij18h6z8IwTrURUR6bNVNbqWpdoKgT6yRnN5hB=s176-c-k-c0x00ffffff-no-rj", "heart": false}
{"cid": "Ugxsf8-htBmrSGFH8SN4AaABAg.9GUod4UGLyx9GzP9HRejJG", "text": "¬†@Hugh Norris¬† possibly", "time": "3Í∞úÏõî Ï†Ñ", "author": "frank dylong", "channel": "UCncI07sLYGt0DAbfVc4jFIA", "votes": "1", "photo": "https://yt3.ggpht.com/ytc/AAUvwnjBfn1vKuLdNbSOtfbyIVWG2L6jk4RlR5oRp49k8w=s176-c-k-c0x00ffffff-no-rj", "heart": false}
{"cid": "Ugxsf8-htBmrSGFH8SN4AaABAg.9GUod4UGLyx9GoXVevD_Sv", "text": "I think that's just from the animation transition", "time": "3Í∞úÏõî Ï†Ñ", "author": "Hugh Norris", "channel": "UC-2LH1sjlAMbl2N_TYuAhHA", "votes": "0", "photo": "https://yt3.ggpht.com/ytc/AAUvwngW0GYlNi7ApcitVPVvT7VAta-JYMeHn5aaaRKRBw=s176-c-k-c0x00ffffff-no-rj", "heart": false}
{"cid": "Ugysm8IRPiG0kFy51kZ4AaABAg.9GUy3QSoF2K9GV4a4N36kl", "text": "LOL, maybe I should have read the comments before I commented. We seem to agree! Almost to the word!", "time": "4Í∞úÏõî Ï†Ñ", "author": "James McCreery", "channel": "UCfED6FXbDzd5QkKvYAgRY9A", "votes": "0", "photo": "https://yt3.ggpht.com/ytc/AAUvwng6-9vRvRJA9n7ucTbQ2-W5E8FylXP-QsRaO_ed=s176-c-k-c0x00ffffff-no-rj", "heart": false}
{"cid": "UgwtSijNRljyLfK1SJJ4AaABAg.9GV6U6DHJ8E9GrzZpejBKo", "text": "singh...", "time": "3Í∞úÏõî Ï†Ñ", "author": "Schlomo Weissbergman-Goldsteinwitz, Ph.D.", "channel": "UCGnYXpHRS6DWf-SHuOPXgww", "votes": "0", "photo": "https://yt3.ggpht.com/ytc/AAUvwngzlt_IL15WLlXhv9Hbo2yyC2IYMrOn5BV_IzVe=s176-c-k-c0x00ffffff-no-rj", "heart": false}
{"cid": "UgwtSijNRljyLfK1SJJ4AaABAg.9GV6U6DHJ8E9GZWX6DXeVj", "text": "he is english....", "time": "4Í∞úÏõî Ï†Ñ", "author": "Andrew Clavin", "channel": "UCtrTqMniXacAYeVhhKf7c8A", "votes": "3", "photo": "https://yt3.ggpht.com/ytc/AAUvwngQbkKq78qxFKwJsqnN25GmTHBcb1CAYkZro30KuA=s176-c-k-c0x00ffffff-no-rj", "heart": false}
{"cid": "UgwU3_Q5SwHsIoN7UGF4AaABAg", "text": "First", "time": "4Í∞úÏõî Ï†Ñ", "author": "XAVI BONILLA", "channel": "UCcl_lk-2BwikNx_InKXd_DQ", "votes": "0", "photo": "https://yt3.ggpht.com/ytc/AAUvwni1WYDa1BD-62k6ykLKTMAuisjyU6RV6tyL2Am8=s176-c-k-c0x00ffffff-no-rj", "heart": false}
{"cid": "Ugx_4gbEC52MHHHjlzR4AaABAg", "text": "nice", "time": "4Í∞úÏõî Ï†Ñ", "author": "Yudix Channel", "channel": "UCROIOvFxSp1LQe34jCgduMQ", "votes": "0", "photo": "https://yt3.ggpht.com/ytc/AAUvwnioxDXErAESG8JOqKw243cjl6OlEnMjEbQXoEqBIA=s176-c-k-c0x00ffffff-no-rj", "heart": false}
{"cid": "UgwBeQSuL4W0OaQNIw14AaABAg", "text": "What a volley, Unbelievable technique!!!....", "time": "4Í∞úÏõî Ï†Ñ", "author": "Podz4420", "channel": "UCOduImZLRSCEyI0L6svtpAw", "votes": "122", "photo": "https://yt3.ggpht.com/ytc/AAUvwnhGi7iI0cdKv4pm3MjqmxUTt1yIrpsQcjyfLJDKVQ=s176-c-k-c0x00ffffff-no-rj", "heart": false}
{"cid": "Ugy1kZXhai6YkMV7gbl4AaABAg", "text": "One of the best volleys everüî•", "time": "4Í∞úÏõî Ï†Ñ", "author": "Christiano Pulinaldo", "channel": "UCfYzk0oRL0wMlWfviZg4RTA", "votes": "229", "photo": "https://yt3.ggpht.com/ytc/AAUvwni3V_cdAkDAh4NJ1XvSAv_EjjQZnNsTVJwThM-P=s176-c-k-c0x00ffffff-no-rj", "heart": false}
{"cid": "UgzUm-hx2F7hMua33vd4AaABAg", "text": "reminds me of Bale against Stoke", "time": "4Í∞úÏõî Ï†Ñ", "author": "Elliot B", "channel": "UCKofAUiR5dyxgnZZPkluUzg", "votes": "1", "photo": "https://yt3.ggpht.com/ytc/AAUvwnhnPoECBAt8BZMWjgkSuU4LXCFBw4fK05zHLs-w=s176-c-k-c0x00ffffff-no-rj", "heart": false}
{"cid": "UgzWNOTOGHVJv7dbDFF4AaABAg", "text": "Wow. This would be the top3 with Son and Suarez. What a goal", "time": "4Í∞úÏõî Ï†Ñ", "author": "Chanc", "channel": "UCsyzpneYG2EYTpNIju4Abgw", "votes": "5", "photo": "https://yt3.ggpht.com/ytc/AAUvwngu9qRr-n1PjJFAcjlzMotvMxOGNhDs3UPzDVA=s176-c-k-c0x00ffffff-no-rj", "heart": false}
{"cid": "UgwxJ4zFcVHi-rwjKvZ4AaABAg", "text": "Inazuma eleven", "time": "4Í∞úÏõî Ï†Ñ", "author": "Appie Dahir", "channel": "UCSEU5INlTSQQt69FAf6YfUQ", "votes": "0", "photo": "https://yt3.ggpht.com/ytc/AAUvwnh_j4wZ-Yae1W3lUPrgeJcP7GiOOsXGCkxfdA=s176-c-k-c0x00ffffff-no-rj", "heart": false}
{"cid": "Ugzv_Z176nYafWmMLP14AaABAg", "text": "Phenomenal strike! The technique required to pull that off is unreal. Top 3 for sure!", "time": "4Í∞úÏõî Ï†Ñ", "author": "John Coughlan", "channel": "UCwwx_DFqGqJJ6nhZ1daWAFQ", "votes": "3", "photo": "https://yt3.ggpht.com/ytc/AAUvwnj8weEYPVOUzXFtf5WV1Tq9qYq6jdHSSpn2IRnZow=s176-c-k-c0x00ffffff-no-rj", "heart": false}
{"cid": "Ugxuxw5Bowp7RlWonZ54AaABAg", "text": "It's a reupload, but it was still HIM the Pusk√°s this year !", "time": "4Í∞úÏõî Ï†Ñ", "author": "Danyss", "channel": "UC12KhvZOvWVeZTPtQg9bBYA", "votes": "10", "photo": "https://yt3.ggpht.com/ytc/AAUvwniKVDqzY041uRmBcM0ouO5Iyay05sl3UfXHmEmo=s176-c-k-c0x00ffffff-no-rj", "heart": false}
{"cid": "Ugy1kZXhai6YkMV7gbl4AaABAg.9GUetlG3GVr9HOaLcv8REp", "text": "Exactly.", "time": "3Í∞úÏõî Ï†Ñ", "author": "Fine", "channel": "UC3pIwVXlspdxp5yh1jmhfPw", "votes": "0", "photo": "https://yt3.ggpht.com/ytc/AAUvwnilotcWhtKoKM-HKtVQMHZ_4jASDxgG_IN1Vw=s176-c-k-c0x00ffffff-no-rj", "heart": false}
{"cid": "Ugy1kZXhai6YkMV7gbl4AaABAg.9GUetlG3GVr9HHGpe3Dg_i", "text": "¬†@POTrocksmyworld¬† POTrocks be the guy bringing Gatorades for the school team", "time": "3Í∞úÏõî Ï†Ñ", "author": "Vedant Kokate", "channel": "UCvpCa6-c1ePN-ARM1CviUHw", "votes": "1", "photo": "https://yt3.ggpht.com/ytc/AAUvwnh6w79vOA7Gr6i9rQCGhiaBUCRCNA0_bp4T_3sw=s176-c-k-c0x00ffffff-no-rj", "heart": false}
{"cid": "Ugy1kZXhai6YkMV7gbl4AaABAg.9GUetlG3GVr9HBy99bzkdU", "text": "U kidding? Any of suarez‚Äôs goals against Norwich in 2013/14 was better than this. Mediocre strike that barely got pass the keeper and was so central. What a joke this got nominated", "time": "3Í∞úÏõî Ï†Ñ", "author": "POTrocksmyworld", "channel": "UCciLedIMyoheU9FIaAx1lRw", "votes": "1", "photo": "https://yt3.ggpht.com/ytc/AAUvwnj7HgKy2l0GJrX4SHqYFpsDa3kfgPDklJUeaw=s176-c-k-c0x00ffffff-no-rj", "heart": false}
{"cid": "UgzWNOTOGHVJv7dbDFF4AaABAg.9GUglTg28qc9GUlideG8nM", "text": "This goal with Arrascaeta and The girl from Chelsea", "time": "4Í∞úÏõî Ï†Ñ", "author": "Jogo a Jogo", "channel": "UCiAos-QZ9iW7DCnaD6w7Iyg", "votes": "0", "photo": "https://yt3.ggpht.com/ytc/AAUvwnht1FukIs2ps4Zm5gkzQXKYO3m7wXipSryEcGJxyA=s176-c-k-c0x00ffffff-no-rj", "heart": false}
