{"cid": "UgysVGM0Pqv0Go6mBER4AaABAg", "text": "I think we have the winner", "time": "3Í∞úÏõî Ï†Ñ", "author": "Raeez Njr", "channel": "UCp6l7pBNKp03rZTFx0o5wbQ", "votes": "0", "photo": "https://yt3.ggpht.com/ytc/AAUvwngM-SZ7beuq___65v0Cu8_ln2XETw36fHkbNowrEg=s176-c-k-c0x00ffffff-no-rj", "heart": false}
{"cid": "UgyhuBeouWq0glu2pRt4AaABAg", "text": "This goal should be the Puskas winner!", "time": "3Í∞úÏõî Ï†Ñ", "author": "Jos√© Albis Hern√°ndez", "channel": "UCupgkOnFI3NVVQMKs-P2SLg", "votes": "0", "photo": "https://yt3.ggpht.com/ytc/AAUvwnhgJgFRAv0yRbxSAxgbC-d76Li1yuf-WfdhySJ5Dg=s176-c-k-c0x00ffffff-no-rj", "heart": false}
{"cid": "UgxGd8svh870udNeQRd4AaABAg", "text": "This is the best", "time": "3Í∞úÏõî Ï†Ñ", "author": "The Mysterious", "channel": "UCn-MFkAzSGvqPNCJi_QXy0g", "votes": "1", "photo": "https://yt3.ggpht.com/ytc/AAUvwngLHMb2wH1IGIeGkYr7MG3EP-0kzGpYN3LuQseU=s176-c-k-c0x00ffffff-no-rj", "heart": false}
{"cid": "Ugzd0JwVfUHtwF_GAfp4AaABAg", "text": "They score like this everyday in south america so it's not shocking", "time": "3Í∞úÏõî Ï†Ñ", "author": "Salim Tadlaoui", "channel": "UC0WkU7G_HjM4pGFUcL1EBEA", "votes": "27", "photo": "https://yt3.ggpht.com/ytc/AAUvwngyLalgu6M3QEXOENNZddoZ5j1PpqMajogNSFN8=s176-c-k-c0x00ffffff-no-rj", "heart": false}
{"cid": "UgxgDXpATIHdxwYJvOh4AaABAg", "text": "bien jou√© Leonel!", "time": "3Í∞úÏõî Ï†Ñ", "author": "Jean Rillet", "channel": "UCnx5tILTj6ttDrWxzDmux7Q", "votes": "0", "photo": "https://yt3.ggpht.com/ytc/AAUvwniWhBv5WS8zPnV-Gs_0hecmAlSBO7pR0QnPwWkgdQ=s176-c-k-c0x00ffffff-no-rj", "heart": false}
{"cid": "Ugxy_VSY0tuczeVCgBV4AaABAg", "text": "Wow", "time": "3Í∞úÏõî Ï†Ñ", "author": "ÍπÄÏù∏Í≤∏", "channel": "UCcfmCEFEwozt_r7yDgmqxvA", "votes": "0", "photo": "https://yt3.ggpht.com/ytc/AAUvwnhWVd1AfPkqYIRhoG2zA2KcUgWm4MwAD6TNiQ=s176-c-k-c0x00ffffff-no-rj", "heart": false}
{"cid": "UgwnGzViBqCeUSBFT-t4AaABAg", "text": "Wacho qlo loco la dej√≥ en el √°ngulo jajsjjd", "time": "3Í∞úÏõî Ï†Ñ", "author": "LaTortuga Ninja", "channel": "UCvKJAvtjt6NhH11hbh95bSg", "votes": "1", "photo": "https://yt3.ggpht.com/ytc/AAUvwnizrq97CFWSYjnm8wa8pR-MrNEAOfUgxRmGq_xE=s176-c-k-c0x00ffffff-no-rj", "heart": false}
{"cid": "UgyYy5A371zSVlGT9u14AaABAg", "text": "The AR on the far side run back to midfield like he seen this before lol", "time": "3Í∞úÏõî Ï†Ñ", "author": "RyanT_W", "channel": "UCSnAQ-4CPGdKYs4ZEwrNecA", "votes": "0", "photo": "https://yt3.ggpht.com/ytc/AAUvwnhczpMOU8bBF_B1tlU9qeTnhL6W3pcAYEqPGppK=s176-c-k-c0x00ffffff-no-rj", "heart": false}
{"cid": "Ugwx6yljB_vyc0ZRRrx4AaABAg", "text": "ORGULLOSO DE SER ECUATORIANO üá™üá®‚ô•Ô∏è‚öΩÔ∏è", "time": "3Í∞úÏõî Ï†Ñ", "author": "Mauricio Morocho", "channel": "UCpNHBtIo-JVU-WbY6kEfcmw", "votes": "1", "photo": "https://yt3.ggpht.com/ytc/AAUvwnh7I3WJImESBm1LxOAzJOr6ntWgO1f645pHjw=s176-c-k-c0x00ffffff-no-rj", "heart": false}
{"cid": "UgwfXGYkcjsjgtj1-1Z4AaABAg", "text": "1 vote given", "time": "3Í∞úÏõî Ï†Ñ", "author": "Rai Joel", "channel": "UC7k4VXJH-kBqiW0BseRJmjA", "votes": "0", "photo": "https://yt3.ggpht.com/ytc/AAUvwnhLIYKdDIsS9lfOn1vqt3XOYG5WAIab-eTG7w=s176-c-k-c0x00ffffff-no-rj", "heart": false}
{"cid": "UgxZlemG5oXlRCNVMbx4AaABAg", "text": "Not this one", "time": "3Í∞úÏõî Ï†Ñ", "author": "Friedrich Siefferman", "channel": "UCae2gaf7dJXvfORO6lZPE3Q", "votes": "0", "photo": "https://yt3.ggpht.com/ytc/AAUvwnh3U5wSvId4TolQVKT_MP405RtGPo3joxz7eJ_4fw=s176-c-k-c0x00ffffff-no-rj", "heart": false}
{"cid": "Ugz1lyZpRs_KlBOvWxN4AaABAg", "text": "Hay que meterla de ah√≠ al √°ngulo... pero el golero, vamo arriba", "time": "3Í∞úÏõî Ï†Ñ", "author": "Ketty √Ånalfer D.", "channel": "UCyk3MYUNCLT1ZLaYqLi3Ntw", "votes": "0", "photo": "https://yt3.ggpht.com/ytc/AAUvwniaaNwBRWv5UhcTc7bQpZmYTYfJy2bFQZcjboUbew=s176-c-k-c0x00ffffff-no-rj", "heart": false}
{"cid": "Ugx31uQGGk2Ea4bboCZ4AaABAg", "text": "Can someone explain to me why goals in August 2019 are being nominated for the 2020 award?", "time": "3Í∞úÏõî Ï†Ñ", "author": "Henry Healy", "channel": "UCMoDeoKd3iB1XhNsbBFQA0A", "votes": "0", "photo": "https://yt3.ggpht.com/ytc/AAUvwniSUC4yHWoHkyIITaRy_aGQGGxg0VFhqtvA5RqKYg=s176-c-k-c0x00ffffff-no-rj", "heart": false}
{"cid": "UgyXprhlrdyh0CVDVD94AaABAg", "text": "Puskas\n Son and this give em both", "time": "3Í∞úÏõî Ï†Ñ(ÏàòÏ†ïÎê®)", "author": "Akash Gogi", "channel": "UCvQkXePI7xL9XoIzRo3BRrA", "votes": "0", "photo": "https://yt3.ggpht.com/ytc/AAUvwniSuB8nRHKPTsegSbsDTBcpDjiZa2s9TLllpFfS1g=s176-c-k-c0x00ffffff-no-rj", "heart": false}
{"cid": "UgyiUMsAcjQy4rKRbJ14AaABAg", "text": "Golasssssssooo", "time": "3Í∞úÏõî Ï†Ñ", "author": "Juan Rosero", "channel": "UC4NFj6SrKqIevoB0Y-1iemg", "votes": "0", "photo": "https://yt3.ggpht.com/ytc/AAUvwnjzLoHDmBXIE8TKuD20jY-Lw3YpTnmFpc0dUEix=s176-c-k-c0x00ffffff-no-rj", "heart": false}
{"cid": "Ugx8AYt30i1UlgDDwNt4AaABAg", "text": "Great goal, but not the most beautiful goal", "time": "3Í∞úÏõî Ï†Ñ", "author": "abcd", "channel": "UCfnhh_uCKpjTpC7wDoLB8Lw", "votes": "1", "photo": "https://yt3.ggpht.com/ytc/AAUvwnghGuK4QDUdYXkCIhUyvHHziNBwEqL-4H_D07L5=s176-c-k-c0x00ffffff-no-rj", "heart": false}
{"cid": "UgzGP_4APUkDsDM2N4p4AaABAg", "text": "WHAT just happened üòØüòØüòØüò±üò±üò±", "time": "3Í∞úÏõî Ï†Ñ(ÏàòÏ†ïÎê®)", "author": "Ali Mohatasim", "channel": "UCr0A-VXn4rG2aBThZDsIRcw", "votes": "0", "photo": "https://yt3.ggpht.com/ytc/AAUvwng53fCQgE-fhe1caM0ty3b1uWCOc8ITgK--_g=s176-c-k-c0x00ffffff-no-rj", "heart": false}
{"cid": "Ugx45PEX16WocIwCXzJ4AaABAg", "text": "0:24 former Man U #7 Alexis Sanchez is now #70. Nice", "time": "3Í∞úÏõî Ï†Ñ", "author": "Kim Ahmed Sadol", "channel": "UCq2szAXHAMu6cgqzEtUzvdA", "votes": "0", "photo": "https://yt3.ggpht.com/ytc/AAUvwnjvlAWOpkJxlpiSbxkPs2I9ZdvMABfqjVYFMJ8Zcg=s176-c-k-c0x00ffffff-no-rj", "heart": false}
{"cid": "UgxbyXXFI-1sIvN9ov94AaABAg", "text": "Indonesian 2019 bruno matos bayangkara fc vs madura united", "time": "1Í∞úÏõî Ï†Ñ", "author": "GOLEM IJO CHANEL_85", "channel": "UCuDVshpRlnn_RL9skWlFf7Q", "votes": "0", "photo": "https://yt3.ggpht.com/ytc/AAUvwnhmI_5RSVeJAeXPuyHeGX2m3DNl5NPRoIUasA=s176-c-k-c0x00ffffff-no-rj", "heart": false}
{"cid": "Ugz3C3Zc9H15n-AwS3R4AaABAg", "text": "Nice.", "time": "4Ï£º Ï†Ñ", "author": "Multiyapples", "channel": "UCT0KDzkmwpNa2l7_Jqh0AdQ", "votes": "0", "photo": "https://yt3.ggpht.com/ytc/AAUvwnglVIOX8o2OeCRLwNNVVpkdywNBT4Ezcb3s-N1GBQ=s176-c-k-c0x00ffffff-no-rj", "heart": false}
{"cid": "Ugzd0JwVfUHtwF_GAfp4AaABAg.9H-xuyedsnC9KaxApevtt_", "text": "Name of another?", "time": "3Ï£º Ï†Ñ", "author": "joel parra", "channel": "UCpMYa-vY8-8Fn8SimDFdR1g", "votes": "1", "photo": "https://yt3.ggpht.com/ytc/AAUvwngpR4nUF3KpxyXleX6MZleKwht2oWt1V8au8g=s176-c-k-c0x00ffffff-no-rj", "heart": false}
{"cid": "Ugzd0JwVfUHtwF_GAfp4AaABAg.9H-xuyedsnC9H6fHNd__Rz", "text": "i dont know what u saying", "time": "3Í∞úÏõî Ï†Ñ", "author": "Emerson Bernardes", "channel": "UCjETM50UxJqlxRV7tfPtQtQ", "votes": "1", "photo": "https://yt3.ggpht.com/ytc/AAUvwnjOdZB-xmLcL27oeSIKPqXaN4XvqM1pD3BB8w=s176-c-k-c0x00ffffff-no-rj", "heart": false}
{"cid": "Ugzd0JwVfUHtwF_GAfp4AaABAg.9H-xuyedsnC9H4zfxt40Zm", "text": "not really", "time": "3Í∞úÏõî Ï†Ñ", "author": "Giovanni Marques", "channel": "UC1faA91g7rqN2clvsu0nKHQ", "votes": "5", "photo": "https://yt3.ggpht.com/ytc/AAUvwnjvz0YIfYsYbbgzlDw6_dZRIUBfZ0ZcQi7x1_SGOQ=s176-c-k-c0x00ffffff-no-rj", "heart": false}
{"cid": "UgyHkctlE0ujw4pl3FB4AaABAg", "text": "Ese man como va a salir con esas ü§™ü§™ü§™üòúüòúüòúüòú", "time": "4Í∞úÏõî Ï†Ñ", "author": "MILLER ARCE", "channel": "UCgl2zTFqZygqr_fd_tfzBdA", "votes": "0", "photo": "https://yt3.ggpht.com/ytc/AAUvwnjHkjUcVauNXaEBysYxFYnLbtH-0bU6Tg3eSiKfnQ=s176-c-k-c0x00ffffff-no-rj", "heart": false}
{"cid": "UgwMIE0TMNegt2RxB9J4AaABAg", "text": "Fuerza Ecuador,  premio FIFA Puskas para Leonel Qui√±onez\nMuy merecido üôå  lo mire.en \nVivo.", "time": "4Í∞úÏõî Ï†Ñ", "author": "Judith Macias", "channel": "UCsuspy_WgYHQmja7nuAJb_Q", "votes": "3", "photo": "https://yt3.ggpht.com/ytc/AAUvwnhhPPjilyR4eilUEPmd7bqKye2Q2Bo0i3zdKA=s176-c-k-c0x00ffffff-no-rj", "heart": false}
{"cid": "Ugw8FQGyjYA6JFjWTft4AaABAg", "text": "Ufff que golazo y lo m√°s elegante del gol es que la meti√≥ en la esquina", "time": "4Í∞úÏõî Ï†Ñ", "author": "Briggite", "channel": "UCP8AllbsGMuvZB4_co4e2cA", "votes": "2", "photo": "https://yt3.ggpht.com/ytc/AAUvwnjCcm3ZbLDfsKLwIKpcNRewah27XbaoGB5OigFxxw=s176-c-k-c0x00ffffff-no-rj", "heart": false}
{"cid": "UgxfrBIigoUnVJxERJ94AaABAg", "text": "El mejor goool.", "time": "4Í∞úÏõî Ï†Ñ", "author": "Alexis Chimborazo", "channel": "UCtZdLeE1kiYsqkoOq_Rd30g", "votes": "1", "photo": "https://yt3.ggpht.com/ytc/AAUvwnggrn3yco6TF7cmzSmA8e4lUlzfas5XYGqmj9sTqw=s176-c-k-c0x00ffffff-no-rj", "heart": false}
{"cid": "Ugx_pdmfBastmiFg6gl4AaABAg", "text": "Se√±or gol.", "time": "4Í∞úÏõî Ï†Ñ", "author": "Byron Arg√ºello Romero", "channel": "UClwd-DzILxqbpy-sOxE9ESA", "votes": "1", "photo": "https://yt3.ggpht.com/ytc/AAUvwng1HXOpz230au_Zfx2F2rQVsPp1Tgy1f_IaZncu=s176-c-k-c0x00ffffff-no-rj", "heart": false}
{"cid": "UgzczM1cFTe3nVZJjUh4AaABAg", "text": "De arrascaeta", "time": "4Í∞úÏõî Ï†Ñ", "author": "Nikolas", "channel": "UCz2uQJ8lJbB8zvZnIEsxy1g", "votes": "0", "photo": "https://yt3.ggpht.com/ytc/AAUvwngr8NT6RQ85SXWjYdc5qA1l1rcsPdDV_lo9BJDf=s176-c-k-c0x00ffffff-no-rj", "heart": false}
{"cid": "Ugy_vZQ3SQpHqbr0_RJ4AaABAg", "text": "?", "time": "4Í∞úÏõî Ï†Ñ", "author": "Ï†ïÏàò", "channel": "UC7UUZhGegkT-JFcL6okd0XQ", "votes": "0", "photo": "https://yt3.ggpht.com/ytc/AAUvwniAQ6-CU9jF9T4yGNyqgRKw3MaKn3vxUotTzTO26g=s176-c-k-c0x00ffffff-no-rj", "heart": false}
{"cid": "Ugz6h2wuxxv4VOFIOwl4AaABAg", "text": "Ecuador en lo mas alto üá™üá®üá™üá®üá™üá®", "time": "4Í∞úÏõî Ï†Ñ", "author": "GabrielFut-EC", "channel": "UC1jtoCrE4_iBmX9s1FCFUAg", "votes": "2", "photo": "https://yt3.ggpht.com/ytc/AAUvwngmrcSpN2sJMz6WHgLpelIatuPkgn4v9wRWN5llFg=s176-c-k-c0x00ffffff-no-rj", "heart": false}
{"cid": "UgxL0G-VL4GHSlBjzuR4AaABAg", "text": "Golazo", "time": "4Í∞úÏõî Ï†Ñ", "author": "Matias L√≥pez Zambrano", "channel": "UCY1GbHHTfhsSbDHZRu1J2rw", "votes": "1", "photo": "https://yt3.ggpht.com/ytc/AAUvwnghmsZ1m1o48cprie-aPKm8Ieg_kEMLFyTs0jID=s176-c-k-c0x00ffffff-no-rj", "heart": false}
{"cid": "Ugz704Vp4eMI06ckVp14AaABAg", "text": "Beautiful goal!", "time": "4Í∞úÏõî Ï†Ñ", "author": "Religia Sportului", "channel": "UC5mBgoBpdcWOl0U_WMlgoaw", "votes": "1", "photo": "https://yt3.ggpht.com/ytc/AAUvwnhlcTjcPVwm8RvNfsN7TH9L0ge9881QB-AYou1_=s176-c-k-c0x00ffffff-no-rj", "heart": false}
{"cid": "UgzIpZmUv848yxbl2sV4AaABAg", "text": "A winner!!! What a goal, from that distance to top corner", "time": "4Í∞úÏõî Ï†Ñ", "author": "Cliff Cliff", "channel": "UCsTj2Ci4k3CigVyrIFlGO_A", "votes": "1", "photo": "https://yt3.ggpht.com/ytc/AAUvwniD2PooBidJy7rENQegwbHjS-rkiwNzIYLBL75UHg=s176-c-k-c0x00ffffff-no-rj", "heart": false}
{"cid": "UgwfYlFn5824fWQx2fF4AaABAg", "text": "Vesijueeeeeeeeeee", "time": "4Í∞úÏõî Ï†Ñ", "author": "Guillermo RHidalgo", "channel": "UCvLs-mTP8yRA7zet01xllEA", "votes": "0", "photo": "https://yt3.ggpht.com/ytc/AAUvwngHo7zguVUGaBSxN8C_KhLhSC07INskHtvfEMM1=s176-c-k-c0x00ffffff-no-rj", "heart": false}
{"cid": "UgwsD-w_beJ0I6Qv1PF4AaABAg", "text": "Es un gol como decimos en el barrio de puro zorrro", "time": "4Í∞úÏõî Ï†Ñ", "author": "jonger jonger", "channel": "UCRgEaNrwNrDguWfpve5WDfw", "votes": "0", "photo": "https://yt3.ggpht.com/ytc/AAUvwnirMCBtIGcuckxEgkT_fh5f7t8ZvuzSdqn5gyh4xw=s176-c-k-c0x00ffffff-no-rj", "heart": false}
{"cid": "UgxZZwtGquGheOknxg54AaABAg", "text": "Must be the winner", "time": "4Í∞úÏõî Ï†Ñ", "author": "No-One Gaming", "channel": "UC9V7Ut4G5NoUVvr4XeHUmuw", "votes": "0", "photo": "https://yt3.ggpht.com/ytc/AAUvwnh2LNGSvE3L1Jg6h7Q9Vw_m-3Bv4Ji_OiLGeEGm=s176-c-k-c0x00ffffff-no-rj", "heart": false}
{"cid": "UgxbP4ggJP8K9_y_eS14AaABAg", "text": "Yo ya vot√© üá™üá®üòé ojala Qui√±√≥nez gane el premio ‚úåüèª se lo merece pero la competencia esta durisima.", "time": "4Í∞úÏõî Ï†Ñ", "author": "MARVIN 711", "channel": "UC43WTQp5U0Gr4lKgzoyYVDg", "votes": "1", "photo": "https://yt3.ggpht.com/ytc/AAUvwngojuU99tc4S3mOIR7BJ-iXncCyQOoHuzE4zUOrcg=s176-c-k-c0x00ffffff-no-rj", "heart": false}
{"cid": "UgxO-ECwo80MQgz_Kzd4AaABAg", "text": "Best puskas 2020‚ù§Ô∏èüëçüèª", "time": "4Í∞úÏõî Ï†Ñ", "author": "guest channel", "channel": "UC6yFDdKEkEXEjlYgNNmSG_g", "votes": "0", "photo": "https://yt3.ggpht.com/ytc/AAUvwniYkCk4k_tq-PFa4dBBlpw-268a-lUYaJGYSA=s176-c-k-c0x00ffffff-no-rj", "heart": false}
{"cid": "UgyLnRwswLBwtKnC9Sl4AaABAg", "text": "Wawu. Unbelievable", "time": "4Í∞úÏõî Ï†Ñ", "author": "Ukor Jonathan", "channel": "UCmiRNMg7ZhKTpnZ2du9kFzg", "votes": "0", "photo": "https://yt3.ggpht.com/ytc/AAUvwngAlLHlHak9oU-DllHPRTfht4igdpw8H3g7BvhLcA=s176-c-k-c0x00ffffff-no-rj", "heart": false}
{"cid": "UgwuX7nRsg0ruFN6NdB4AaABAg", "text": "its beautiful but son was more dramatic", "time": "4Í∞úÏõî Ï†Ñ", "author": "ÌóàÏàòÌÇ§", "channel": "UCqRYmY6vgPy-p01JGec5hDg", "votes": "0", "photo": "https://yt3.ggpht.com/ytc/AAUvwnieZJXPplduBF9Zx-Iq2Uj5wRW_aF2lhtCI9A=s176-c-k-c0x00ffffff-no-rj", "heart": false}
{"cid": "UgwA7oHeBVAwmMJLZRV4AaABAg", "text": "I think this might win", "time": "3Í∞úÏõî Ï†Ñ", "author": "ChubbyCheeks 007", "channel": "UCbz4i2qEU7BTLf565C-oOWw", "votes": "0", "photo": "https://yt3.ggpht.com/ytc/AAUvwng7w5Rvvu6TeG15NIUFTGkxeCg2Qe5PxetosQ=s176-c-k-c0x00ffffff-no-rj", "heart": false}
{"cid": "UgzQ7ZeJxlRnrY7TFx14AaABAg", "text": "C‚Äômon, this and not ilicic‚Äôs against ‚ÄúTorino‚Äù?", "time": "3Í∞úÏõî Ï†Ñ", "author": "Delchi", "channel": "UCgV7Ll-H8UPqW_OA1eB_gDw", "votes": "3", "photo": "https://yt3.ggpht.com/ytc/AAUvwnhnb_5Znr9_rmRSjykD26yeSQ66AokxlyTfN8oC9A=s176-c-k-c0x00ffffff-no-rj", "heart": false}
{"cid": "UgxKgS26nRisaeOO7O14AaABAg", "text": "Donde se vota para apoyar", "time": "4Í∞úÏõî Ï†Ñ", "author": "German Olipa", "channel": "UCKHR_pWrfsKB6jCo-r--KmA", "votes": "0", "photo": "https://yt3.ggpht.com/ytc/AAUvwnjk9NBfGpE1S7eZZKJUs-cmjVlGzvtTJ_L55A=s176-c-k-c0x00ffffff-no-rj", "heart": false}
{"cid": "UgzUzhxqLRzi10TzcYB4AaABAg", "text": "Buen gol de Leonel Qui√±onez", "time": "4Í∞úÏõî Ï†Ñ", "author": "Elena Salinas", "channel": "UCbn0WSfKpVRkkaz8FdT41iA", "votes": "2", "photo": "https://yt3.ggpht.com/ytc/AAUvwng7VaXKL8kQKICJWp_uSGq88tmvFhmlDSxPoXbF=s176-c-k-c0x00ffffff-no-rj", "heart": false}
{"cid": "UgwjpoX57LluHGNGuyd4AaABAg", "text": "Golazo, vamos Ecuador presente y Alvaro presidente", "time": "4Í∞úÏõî Ï†Ñ(ÏàòÏ†ïÎê®)", "author": "Ulises Celi", "channel": "UCGugtAx3wDA8kd66IndiwxQ", "votes": "4", "photo": "https://yt3.ggpht.com/ytc/AAUvwniz5YPesoAgWTmcVf5FzkdQfhNS3BEqmP6dBg=s176-c-k-c0x00ffffff-no-rj", "heart": false}
{"cid": "UgwKK9sBTlJ3mhcEzbx4AaABAg", "text": "Tremendo golazo", "time": "4Í∞úÏõî Ï†Ñ", "author": "Maicol Cuenca", "channel": "UC3dJ6Hv42myOOw3IZTFFyvg", "votes": "2", "photo": "https://yt3.ggpht.com/ytc/AAUvwngaj6lpysyBi2HS2U4_reCDhGEeWCt_VNIz6_23=s176-c-k-c0x00ffffff-no-rj", "heart": false}
{"cid": "Ugzo6xCb_BzhbnoUiSx4AaABAg", "text": "Vamos Ecuaüá™üá®... es  nuestro a√±o.", "time": "4Í∞úÏõî Ï†Ñ", "author": "SARANGO AGUIRRE CHRISTIAN RAUL", "channel": "UC3rLrO64FnCf5-gEjkKK-lw", "votes": "1", "photo": "https://yt3.ggpht.com/ytc/AAUvwng6_1tMSghKemsXQpfBHIsnSJRCplAUFTjo9GSM=s176-c-k-c0x00ffffff-no-rj", "heart": false}
{"cid": "Ugxs_oMf7ApkhK3zRNh4AaABAg", "text": "Vamos Ecuadorüíõüíô‚ù§", "time": "4Í∞úÏõî Ï†Ñ", "author": "Denis", "channel": "UC8IPEjvHmqz3XiIxvnTkJ-w", "votes": "3", "photo": "https://yt3.ggpht.com/ytc/AAUvwnhvscZ5vyvQVpcYW2HC2Dc6C-E29B_zkXs6uwNm4g=s176-c-k-c0x00ffffff-no-rj", "heart": false}
{"cid": "UgzTRQEX1sWcbNRxA3N4AaABAg", "text": "UN VERDADERO GOLAZO", "time": "4Í∞úÏõî Ï†Ñ", "author": "ROSA ANCHUNDIA", "channel": "UCWCpXNauV8rK5x4Dv58Zf5A", "votes": "1", "photo": "https://yt3.ggpht.com/ytc/AAUvwnj-NKO8DX_cYLtc8qg5ewXSnQgeRSAncan9RUq3_Jk=s176-c-k-c0x00ffffff-no-rj", "heart": false}
{"cid": "Ugwb5C1M6seixTnnjK54AaABAg", "text": "Great!!!", "time": "4Í∞úÏõî Ï†Ñ", "author": "Andres Nole", "channel": "UCy0KvJWqnf2pDcFkOrDRa5g", "votes": "1", "photo": "https://yt3.ggpht.com/ytc/AAUvwnicWWZNS-ySBjSxl_crurTs7m6v-yUvWDKmCIlAVA=s176-c-k-c0x00ffffff-no-rj", "heart": false}
{"cid": "UgxF18cVHbm4ZMGfNq94AaABAg", "text": "Amazing üò≥", "time": "4Í∞úÏõî Ï†Ñ", "author": "Carlos Gutierrez Barona", "channel": "UCWmRwg2_b-wTSrs4aOXXWjg", "votes": "1", "photo": "https://yt3.ggpht.com/ytc/AAUvwniTBWHlHZ5PKLqIO1CgxeC3BpwDLRi_HsSTSgtK=s176-c-k-c0x00ffffff-no-rj", "heart": false}
{"cid": "Ugx38khkCkzQJHbbzNB4AaABAg", "text": "I think GK napped but also this player is amazing!!", "time": "4Í∞úÏõî Ï†Ñ", "author": "ÏµúÏ†ïÌò∏", "channel": "UCU5dPQuoRTRypscQklHfYwQ", "votes": "1", "photo": "https://yt3.ggpht.com/ytc/AAUvwnjbmAwC7nbtKU8nCi_okq2Bn-IvcAIDQ40WNAxA=s176-c-k-c0x00ffffff-no-rj", "heart": false}
{"cid": "UgyqCeQZ7a6Wha4ad_94AaABAg", "text": "üá™üá®", "time": "4Í∞úÏõî Ï†Ñ", "author": "AlejanDroCse Lugano", "channel": "UCjeH76Ccns5kTWAVDJABr8A", "votes": "3", "photo": "https://yt3.ggpht.com/ytc/AAUvwngLdAfcM2RI3v8ilGHVpc-3l4WGl7t6UNqBZNiKOA=s176-c-k-c0x00ffffff-no-rj", "heart": false}
{"cid": "Ugz1r7XRoyx-A_ZQmfx4AaABAg", "text": "The best!", "time": "4Í∞úÏõî Ï†Ñ", "author": "Kuba C", "channel": "UCYwb9bTBDrkVDGTpYTVbjEw", "votes": "2", "photo": "https://yt3.ggpht.com/ytc/AAUvwniUunoxaP3veqJONXCbY1lO8dSuz3ye2PuwIPN-hQ=s176-c-k-c0x00ffffff-no-rj", "heart": false}
{"cid": "UgxS2K8NRV3SF03dooN4AaABAg", "text": "golaso", "time": "4Í∞úÏõî Ï†Ñ", "author": "M C", "channel": "UCRJGeGl9IU1bgXshUVGFRxQ", "votes": "1", "photo": "https://yt3.ggpht.com/ytc/AAUvwniV920XIO1P5jWNsimpdjZRAv4iRBjcPLZUYw=s176-c-k-c0x00ffffff-no-rj", "heart": false}
{"cid": "UgwVsE1JAv9CMXyjb6R4AaABAg", "text": "GK was like üòêüòêüòêüòê", "time": "4Í∞úÏõî Ï†Ñ", "author": "M√°t√© Borz√≥k", "channel": "UCWylwnPuH2eCG5XKEQpoFZA", "votes": "6", "photo": "https://yt3.ggpht.com/ytc/AAUvwnjAoQlxtg8REhh2Cr9YfzJIYhMxA_ZVBrlSuA=s176-c-k-c0x00ffffff-no-rj", "heart": false}
{"cid": "UgxTnVoCzUK_5Yq2HMx4AaABAg", "text": "Golazo mire por d√≥nde se lo mireüî•üíØ", "time": "4Í∞úÏõî Ï†Ñ", "author": "Cicer√≥n √Ålvarez", "channel": "UC5fJm_sY-HAiGIKn0lOuYsg", "votes": "2", "photo": "https://yt3.ggpht.com/ytc/AAUvwnjdZURdmjuWy6Rt4vU8a1Z0vyMrltiUXgIimNLaZw=s176-c-k-c0x00ffffff-no-rj", "heart": false}
{"cid": "Ugw49DKsDFxvzYNDF4R4AaABAg", "text": "Excelente golazo‚ú®\nLo mejor que para el pr√≥ximo a√±o est√° dentro de Barcelonaüíõ", "time": "4Í∞úÏõî Ï†Ñ", "author": "Anthony Quevedo", "channel": "UCP2Qv09RvkG5ViAwAudcyWQ", "votes": "0", "photo": "https://yt3.ggpht.com/ytc/AAUvwnjlRLBC9lAvB6RYnUvdR3yn52-Vx8--kwmUZpeNfQ=s176-c-k-c0x00ffffff-no-rj", "heart": false}
{"cid": "UgzSZDr6eq3mH4lI0NN4AaABAg", "text": "another one from August 2019", "time": "4Í∞úÏõî Ï†Ñ", "author": "TechNeTium43", "channel": "UCxVtP2sbA5Q638r3g9E4_8A", "votes": "1", "photo": "https://yt3.ggpht.com/ytc/AAUvwnjMotOKr0GGoMKDoCYIvnLdozu4QD7j3jA8qD-Sdg=s176-c-k-c0x00ffffff-no-rj", "heart": false}
{"cid": "Ugx4iYPIR96WixBpVN14AaABAg", "text": "Arriba Ecuador", "time": "4Í∞úÏõî Ï†Ñ", "author": "Edison Rivas", "channel": "UCYBxuCAbLtJsmI4E9SN81jQ", "votes": "2", "photo": "https://yt3.ggpht.com/ytc/AAUvwni8WkPOEpUGIsh5b847UsUUMFnjrR2_k7fQqGYO=s176-c-k-c0x00ffffff-no-rj", "heart": false}
{"cid": "Ugxf_Pn-ROyX2H-ac5Z4AaABAg", "text": "Apoyemos al ecuatoriano. ARRIBA ECUADOR üá™üá®", "time": "4Í∞úÏõî Ï†Ñ", "author": "CALVIN R3XHA", "channel": "UCVa97_5lVP3gOjfknc_Wxpg", "votes": "3", "photo": "https://yt3.ggpht.com/ytc/AAUvwngjwVcvab3oMm76G-c2xpCJzNE9gbsBagIPZcM3Fw=s176-c-k-c0x00ffffff-no-rj", "heart": false}
{"cid": "Ugz6idf1dUoQP4_2WAZ4AaABAg", "text": "Golazo!üëç", "time": "4Í∞úÏõî Ï†Ñ", "author": "Marcelo Del Salto", "channel": "UC0NLgIxWCpL50r-1PqW41XA", "votes": "1", "photo": "https://yt3.ggpht.com/ytc/AAUvwni7bramUX98EXv65U0StbF7vr8ARM7lDKGdOX4JWME=s176-c-k-c0x00ffffff-no-rj", "heart": false}
{"cid": "UgzM_zVl1krrBaY6pFJ4AaABAg", "text": "Este golazo debe ganar el premio FIFA Puskas Award. Dale like si eres de Ecuador!!!", "time": "4Í∞úÏõî Ï†Ñ", "author": "Wil End", "channel": "UCeMgfE0bp9_NB2JTAoPqHHg", "votes": "24", "photo": "https://yt3.ggpht.com/ytc/AAUvwniN2fA76GmBxYvmdyGFbWUJ9f9p88rML3DF=s176-c-k-c0x00ffffff-no-rj", "heart": false}
{"cid": "UgwNj7wMhs4nd22zefh4AaABAg", "text": "Que Golazooo!!! Vamoz todo Ecuador a votar por Leonel Qui√±onez", "time": "4Í∞úÏõî Ï†Ñ(ÏàòÏ†ïÎê®)", "author": "Saitama El Pelon de Braxxers", "channel": "UCUtEbhv4eNyogLogDS8QoKA", "votes": "3", "photo": "https://yt3.ggpht.com/ytc/AAUvwnhFfr3WlAp5c08-7wud4bI1tHtguVEebgUVQZa5=s176-c-k-c0x00ffffff-no-rj", "heart": false}
{"cid": "Ugy4yGF3Mt7bjlT5pyl4AaABAg", "text": "GOLAZO de los muchachos del Macar√° de Ambato üá™üá®", "time": "4Í∞úÏõî Ï†Ñ", "author": "Moises Olovacha", "channel": "UCst1-L_7y4KvSlVGktdgHtQ", "votes": "6", "photo": "https://yt3.ggpht.com/ytc/AAUvwniwBWG8gO_jVoBiQb3ybthdik9wiP-a-IqotA=s176-c-k-c0x00ffffff-no-rj", "heart": false}
{"cid": "UgxhgDevsRJWaGX7IgN4AaABAg", "text": "¬°QUE GOLAZOOOO!", "time": "4Í∞úÏõî Ï†Ñ(ÏàòÏ†ïÎê®)", "author": "Andress D√≠az", "channel": "UCFg2E2P68W1dydYxuguNo0w", "votes": "4", "photo": "https://yt3.ggpht.com/ytc/AAUvwngzdPQ74euAJqDSJUXOEvdbyzuvCoOBvahs_Sw5=s176-c-k-c0x00ffffff-no-rj", "heart": false}
{"cid": "UgxOzQHIk7lZlifROyF4AaABAg", "text": "No lo habia visto q tremendo gol vamos apoyemos", "time": "4Í∞úÏõî Ï†Ñ", "author": "El JEFF", "channel": "UCnDx2SbqOdpYiDrp6Ae-HHw", "votes": "3", "photo": "https://yt3.ggpht.com/ytc/AAUvwniXFDMv9OU7RC4GhPFFF-LLqyyWT3jKPvMcsKduiw=s176-c-k-c0x00ffffff-no-rj", "heart": false}
{"cid": "UgxwwUXF6f4GM9V87gR4AaABAg", "text": "Leonel Quinonez' goal deserves to win 2020 FIFA Puskas Award", "time": "4Í∞úÏõî Ï†Ñ", "author": "Wil End", "channel": "UCeMgfE0bp9_NB2JTAoPqHHg", "votes": "11", "photo": "https://yt3.ggpht.com/ytc/AAUvwniN2fA76GmBxYvmdyGFbWUJ9f9p88rML3DF=s176-c-k-c0x00ffffff-no-rj", "heart": false}
{"cid": "UgwO5IShCE3EWjhqSTV4AaABAg", "text": "Apoyarlo", "time": "4Í∞úÏõî Ï†Ñ", "author": "GreatDiego", "channel": "UCMLGRVb3bYAvohg9GpdaHTw", "votes": "3", "photo": "https://yt3.ggpht.com/ytc/AAUvwnjjciZ48n4uTeWtGps1d6g1aPkV2p662pSPeq8vSA=s176-c-k-c0x00ffffff-no-rj", "heart": false}
{"cid": "UgxrDurUCB-IKBWsjoh4AaABAg", "text": "Gotta be the winner. From that distance, to hit top corner, nearly impossible.", "time": "4Í∞úÏõî Ï†Ñ", "author": "Pablo", "channel": "UC1IiG-mLcQYV5cK9qi3mImw", "votes": "14", "photo": "https://yt3.ggpht.com/ytc/AAUvwnhFAQ6e_2wHePOeMRMgT_tvm6jVmh5erQHr-A=s176-c-k-c0x00ffffff-no-rj", "heart": false}
{"cid": "UgxOGs_7uxScT9Q6jEd4AaABAg", "text": "Es el mejor sin lugar a dudas.", "time": "4Í∞úÏõî Ï†Ñ", "author": "Jorge Antonio Hidrovo Zambrano", "channel": "UC5JDoj939BsOMqangbugS7A", "votes": "4", "photo": "https://yt3.ggpht.com/ytc/AAUvwngnXgcgh5qkq_rMWy_S1GcrU8k85FunT5z2lpxf=s176-c-k-c0x00ffffff-no-rj", "heart": false}
{"cid": "Ugw6dPGk9CCytOm0WjF4AaABAg", "text": "Todos en Ecuador por ley llevan Qui√±onez, Caicedo, Valencia o Ayov√≠ como apellidos o que??", "time": "4Í∞úÏõî Ï†Ñ", "author": "V√≠ctor Quiroz", "channel": "UCOAfWcMI1pJAGI69A46Zt-Q", "votes": "2", "photo": "https://yt3.ggpht.com/ytc/AAUvwnhLvENa5xoYCVUe9r1OBU21mCXoeDbgjy4K8HYJ=s176-c-k-c0x00ffffff-no-rj", "heart": false}
{"cid": "UgwHD6zEMlxEpwMcFzV4AaABAg", "text": "Incredible Goal", "time": "4Í∞úÏõî Ï†Ñ", "author": "Unsal KARA", "channel": "UCDAyv4qnF00kUFG_WNJlMcg", "votes": "3", "photo": "https://yt3.ggpht.com/ytc/AAUvwnhWTK85FDXtZS_1Bxw8DiHo_xDw7n60hj8zkg6E=s176-c-k-c0x00ffffff-no-rj", "heart": false}
{"cid": "Ugy9ms6GhjI-0alq-lF4AaABAg", "text": "Golazo", "time": "4Í∞úÏõî Ï†Ñ", "author": "Danny Rodriguez", "channel": "UCBhHWnaLEjerhn4ePP__WCA", "votes": "3", "photo": "https://yt3.ggpht.com/ytc/AAUvwngWetxUDXtpBkWN9LeduIOG_xdWu7LgfesaU5X3Ng=s176-c-k-c0x00ffffff-no-rj", "heart": false}
{"cid": "UgyqixD2zikBUVVoriV4AaABAg", "text": "Ecuador", "time": "4Í∞úÏõî Ï†Ñ", "author": "Danny Rodriguez", "channel": "UCBhHWnaLEjerhn4ePP__WCA", "votes": "3", "photo": "https://yt3.ggpht.com/ytc/AAUvwngWetxUDXtpBkWN9LeduIOG_xdWu7LgfesaU5X3Ng=s176-c-k-c0x00ffffff-no-rj", "heart": false}
{"cid": "Ugy0wQOG4aFAUjjqhoF4AaABAg", "text": "Ecuador", "time": "4Í∞úÏõî Ï†Ñ", "author": "Danny Rodriguez", "channel": "UCBhHWnaLEjerhn4ePP__WCA", "votes": "5", "photo": "https://yt3.ggpht.com/ytc/AAUvwngWetxUDXtpBkWN9LeduIOG_xdWu7LgfesaU5X3Ng=s176-c-k-c0x00ffffff-no-rj", "heart": false}
{"cid": "UgyTPUpYY1DRClBsRdZ4AaABAg", "text": "Golazo este deberia ganar", "time": "4Í∞úÏõî Ï†Ñ", "author": "roma troyano", "channel": "UCnd-FURncjmaDJ3I3rmkpbQ", "votes": "3", "photo": "https://yt3.ggpht.com/ytc/AAUvwnihvclKeoasPzeNy1OrCeQvqWw6Wp6fCNEbwLBNHA=s176-c-k-c0x00ffffff-no-rj", "heart": false}
{"cid": "Ugy074DgOasn5q5qPIJ4AaABAg", "text": "Golazoooo", "time": "4Í∞úÏõî Ï†Ñ", "author": "JOSSUE LATA", "channel": "UCtkJz_VnQT_zZXHSh2MogkQ", "votes": "1", "photo": "https://yt3.ggpht.com/ytc/AAUvwnilBRV3IzTW2amQ4i1eqOexny3YZnpzXktixmmz=s176-c-k-c0x00ffffff-no-rj", "heart": false}
{"cid": "UgzZQD54wKCKO60kPfJ4AaABAg", "text": "Madre m√≠a, pero que GOLAZOOOOO!! Saludos desde Argentina", "time": "4Í∞úÏõî Ï†Ñ", "author": "Israel Ure√±a Alcivar", "channel": "UCYvFfowXRVmOuAkvK4Fx7tw", "votes": "16", "photo": "https://yt3.ggpht.com/ytc/AAUvwniAaXoI2mDOLueBmizHGUNDcvF5dPuG2ZbKrEJCAg=s176-c-k-c0x00ffffff-no-rj", "heart": false}
{"cid": "Ugz5rgk9X_JknTu483R4AaABAg", "text": "Vuaaaamos", "time": "4Í∞úÏõî Ï†Ñ", "author": "sebastian alonso Campoverde jama", "channel": "UCpMOLdziOxdWpekp6Gt_uSQ", "votes": "1", "photo": "https://yt3.ggpht.com/ytc/AAUvwngvgzLXkRWG4hzOKWISV68pATk5tZLOJu2Frw=s176-c-k-c0x00ffffff-no-rj", "heart": false}
{"cid": "UgwjCHle-RYCsTSr84F4AaABAg", "text": "sin dudarlo la FIFA debe darle el puskas a Qui√±onez, orgullo ECUATORIANO\nLIKE SI ERES ECUATORIANO DE üíñ", "time": "4Í∞úÏõî Ï†Ñ", "author": "Arturo Quito", "channel": "UC-c8RK5hIjxQgeDvfgi2OUg", "votes": "8", "photo": "https://yt3.ggpht.com/ytc/AAUvwngQK51rNTqHeapuQTQi14Eu5BSgoxO-zzHiVA=s176-c-k-c0x00ffffff-no-rj", "heart": false}
{"cid": "Ugw0FIskUbsxluAqGbd4AaABAg", "text": "‚öΩÔ∏è", "time": "4Í∞úÏõî Ï†Ñ", "author": "Fernando Castillo", "channel": "UCti6COjvXmKAzH-8wlM_6vQ", "votes": "0", "photo": "https://yt3.ggpht.com/ytc/AAUvwnie-9R3BKhEZ2ppidY2FiDE7NF5WUAh15ps66Hp=s176-c-k-c0x00ffffff-no-rj", "heart": false}
{"cid": "UgzM_zVl1krrBaY6pFJ4AaABAg.9GV2kLNcWAq9GXPAtP0K8n", "text": "Arrascaeta", "time": "4Í∞úÏõî Ï†Ñ", "author": "Phietro", "channel": "UC052WNsFrtkDLP8s4pQ_jJA", "votes": "2", "photo": "https://yt3.ggpht.com/ytc/AAUvwnhWdmqbzCQMoePhqi1K1Ls0RoztvlTqsAt3H6E75g=s176-c-k-c0x00ffffff-no-rj", "heart": false}
{"cid": "UgwNj7wMhs4nd22zefh4AaABAg.9GV2lQdX_jC9GX74EhQnoV", "text": "¬†@RataTix Hack¬† En la descripci√≥n de este video", "time": "4Í∞úÏõî Ï†Ñ(ÏàòÏ†ïÎê®)", "author": "Saitama El Pelon de Braxxers", "channel": "UCUtEbhv4eNyogLogDS8QoKA", "votes": "1", "photo": "https://yt3.ggpht.com/ytc/AAUvwnhFfr3WlAp5c08-7wud4bI1tHtguVEebgUVQZa5=s176-c-k-c0x00ffffff-no-rj", "heart": false}
{"cid": "UgwNj7wMhs4nd22zefh4AaABAg.9GV2lQdX_jC9GWzQ1p6_YL", "text": "donde voto", "time": "4Í∞úÏõî Ï†Ñ", "author": "RataTix Hack", "channel": "UComuaGa61EVlUHTXn2w_RBw", "votes": "1", "photo": "https://yt3.ggpht.com/ytc/AAUvwnifbyInIpsUgNIJmhSHhmQJsatzfQ4-8wHqn4S0Lg=s176-c-k-c0x00ffffff-no-rj", "heart": false}
{"cid": "UgxwwUXF6f4GM9V87gR4AaABAg.9GVF2f7WA2v9GbPGFseMIJ", "text": "¬†@Shark Wa Sangka¬† someone else scored a 70 meter long goal?", "time": "4Í∞úÏõî Ï†Ñ", "author": "Wil End", "channel": "UCeMgfE0bp9_NB2JTAoPqHHg", "votes": "1", "photo": "https://yt3.ggpht.com/ytc/AAUvwniN2fA76GmBxYvmdyGFbWUJ9f9p88rML3DF=s176-c-k-c0x00ffffff-no-rj", "heart": false}
{"cid": "UgxwwUXF6f4GM9V87gR4AaABAg.9GVF2f7WA2v9GaHPtk5oYZ", "text": "¬†@Shark Wa Sangka¬† yes", "time": "4Í∞úÏõî Ï†Ñ", "author": "???", "channel": "UCgVhUUwmrOVCWBn25HbrAOA", "votes": "1", "photo": "https://yt3.ggpht.com/ytc/AAUvwng7LOizZb8yGDhEn-hmlpiSFNRHz3n8EzagvKvQAA=s176-c-k-c0x00ffffff-no-rj", "heart": false}
{"cid": "UgxwwUXF6f4GM9V87gR4AaABAg.9GVF2f7WA2v9Ga4vLLtp-A", "text": "no", "time": "4Í∞úÏõî Ï†Ñ", "author": "Shark Wa Sangka", "channel": "UCWmHt8UJaVsDKYpNvycdijA", "votes": "0", "photo": "https://yt3.ggpht.com/ytc/AAUvwnjzppno_XBhD5gsml0B88KbDAgCw-qdh05ZzA=s176-c-k-c0x00ffffff-no-rj", "heart": false}
{"cid": "UgxrDurUCB-IKBWsjoh4AaABAg.9GVJ0Mk4i4P9HDhORg_JmD", "text": "No", "time": "3Í∞úÏõî Ï†Ñ", "author": "Elliot Stone", "channel": "UCKUVnqd0_Gbk4hDyE24tqfg", "votes": "0", "photo": "https://yt3.ggpht.com/ytc/AAUvwnh90pQS_ahJt02QUrKamsggaAc2CAL4LPE1SB2O=s176-c-k-c0x00ffffff-no-rj", "heart": false}
{"cid": "Ugw6dPGk9CCytOm0WjF4AaABAg.9GV_aa4PyD49GVx4UN-H9Z", "text": "haber existe algo en ecuador que a la mayoria que estan en la selecci√≥n por ejemplo son de raza negra, y este en un caso se un jugador afroecuatoriano y ellos tienen esos apellidos as√≠,es un apellido comun para esta etnia, Cang√°, Corozo, Valencia,  Qui√±onez,Caicedo, Ayov√≠, y los apellidos, as√≠ es algo que se presenta, pero no esta en todos ya que en Ecuador la mayoria de poblaci√≥n es mestiza solo que los jugadores si mas son en su mayoria son afroecuatorianos .", "time": "4Í∞úÏõî Ï†Ñ(ÏàòÏ†ïÎê®)", "author": "jael hernandez", "channel": "UCa9KU0HlCF2fPDROkUf1Ulg", "votes": "3", "photo": "https://yt3.ggpht.com/ytc/AAUvwni4mKOcv_LHSGCdQcvkmlnYSW4_rndGsaRDkyCt6A=s176-c-k-c0x00ffffff-no-rj", "heart": false}
{"cid": "Ugw6dPGk9CCytOm0WjF4AaABAg.9GV_aa4PyD49GVlN9AipU-", "text": "El hecho que los futbolistas sean de esos apellidos, no quiere decir que toda la poblaci√≥n lo tenga.\n\nYo soy S√°a.", "time": "4Í∞úÏõî Ï†Ñ", "author": "Sebasti√°n S√°a", "channel": "UCZr11hfGDRsK0RwHvYfjnXw", "votes": "4", "photo": "https://yt3.ggpht.com/ytc/AAUvwnjhswW8aVM_z2JKDmU-pZn8euG7JcafvQq-rA=s176-c-k-c0x00ffffff-no-rj", "heart": false}
{"cid": "UgxkZ9eDwKD4bV3bxHB4AaABAg", "text": "Dale Ecuadooooorüá™üá®üá®üá±", "time": "4Í∞úÏõî Ï†Ñ", "author": "Victor G√≥mez", "channel": "UCV0KYU42vEH0D-n9RWfR0Sw", "votes": "35", "photo": "https://yt3.ggpht.com/ytc/AAUvwniArJsZkF1lxaIWda3_hY3kV6XR5y6CH5JhpfZuKw=s176-c-k-c0x00ffffff-no-rj", "heart": false}
{"cid": "Ugw8-EEtOsj1NdTpoX54AaABAg", "text": "GOLAZO !!!\nVAMOS ECUATORIANOS.. APOYEMOS PARA QUE QUI√ëONEZ PUEDA GANAR", "time": "4Í∞úÏõî Ï†Ñ", "author": "Carlos Proa√±o Vargas", "channel": "UCTiZoVmxjXHiXFHnvv9oqTg", "votes": "196", "photo": "https://yt3.ggpht.com/ytc/AAUvwngEXCl8gg1VUTXI76oq8quSUsZ5uon6r57BKRsldQ=s176-c-k-c0x00ffffff-no-rj", "heart": false}
{"cid": "UgxkLthJDoQeNsxZMNZ4AaABAg", "text": "dale ecuadorrr", "time": "4Í∞úÏõî Ï†Ñ", "author": "FUTBOL NATION", "channel": "UCISJJOSrWCDanz5WgBvPY6Q", "votes": "3", "photo": "https://yt3.ggpht.com/ytc/AAUvwnjqdvfuaELWa4wJF8g0_EDQETH6GnD5LEX5-kUdOQ=s176-c-k-c0x00ffffff-no-rj", "heart": false}
{"cid": "Ugy1Ugc91KT7SmSZW1V4AaABAg", "text": "Debemos traer el puskas ac√° vamos Leonel voten todos por el üá™üá®üíõüíõüíõüíõ", "time": "4Í∞úÏõî Ï†Ñ", "author": "Josu√© Bola√±os Todo gamplays y F√∫tbol", "channel": "UCa8nBM5W27lDcc6Dw8q1Jmg", "votes": "97", "photo": "https://yt3.ggpht.com/ytc/AAUvwnhAiWQvmkXVElUebMkbmUt9KfWh4sPYrGooYqcBCg=s176-c-k-c0x00ffffff-no-rj", "heart": false}
{"cid": "UgxOkiL-DJLGl28kEQ94AaABAg", "text": "It's beautiful, awesome, what a goal!\nTHIS ONE MUST BE THE WINNER!!!", "time": "4Í∞úÏõî Ï†Ñ", "author": "Roberto Benitez", "channel": "UCWbpVXzqWyobNjuJ9jxFX1Q", "votes": "24", "photo": "https://yt3.ggpht.com/ytc/AAUvwnhc424fURZZXkm8ZyDfR_KJHBseTD2vNmWiql3_=s176-c-k-c0x00ffffff-no-rj", "heart": false}
{"cid": "UgwB9KhxKcDwxw7pAGp4AaABAg", "text": "Los Peruanos somos los m√°s blancos y guapos de Am√©rica", "time": "4Í∞úÏõî Ï†Ñ", "author": "Peruano guapo con ascendencia Alemana", "channel": "UCQ_xJRwFnce8QU5UOjRUZmQ", "votes": "0", "photo": "https://yt3.ggpht.com/ytc/AAUvwniJG07G3zPIp_YZTsPu7gvuxloXF_Re8tMiYN1z=s176-c-k-c0x00ffffff-no-rj", "heart": false}
{"cid": "UgwXc6ThwUYJsISJKgh4AaABAg", "text": "It calm He just smashed it top bins from the halfway line", "time": "4Í∞úÏõî Ï†Ñ", "author": "Botond Szalai", "channel": "UC99Id5eZa27en6Aog5y3pMg", "votes": "3", "photo": "https://yt3.ggpht.com/ytc/AAUvwnjPE-peLXq4DeETp7RQ6oYiWL59H6XimQoYlxGsVw=s176-c-k-c0x00ffffff-no-rj", "heart": false}
{"cid": "UgwqGj945RDjCzdqKCR4AaABAg", "text": "üá™üá®üç´üá™üá®üç´üá™üá®üç´", "time": "4Í∞úÏõî Ï†Ñ", "author": "brayiita", "channel": "UCQIgwiLUNCrg4lN6TPPoAZQ", "votes": "2", "photo": "https://yt3.ggpht.com/ytc/AAUvwnizDI0x-IgbfPpFrRpvbikHirWassccLrlvNA=s176-c-k-c0x00ffffff-no-rj", "heart": false}
{"cid": "UgwfFMFK6HK7W6Ilbgx4AaABAg", "text": "Bien por Ecuador y por Macar√° de Ambato \nOrgulloso de ser macare√±o", "time": "4Í∞úÏõî Ï†Ñ", "author": "Sebastian Eugenio", "channel": "UCYKPg2CveXYXVgEhdw4gw2w", "votes": "11", "photo": "https://yt3.ggpht.com/ytc/AAUvwng2uxxmyQwy9KDRvI3qzPrH6SGTTRuPDplxhg=s176-c-k-c0x00ffffff-no-rj", "heart": false}
{"cid": "UgwPczOOqEFeb0FCA_J4AaABAg", "text": "este tiene que ganar", "time": "4Í∞úÏõî Ï†Ñ", "author": "Tucan C√≥smico De Los Mares De Bolivia", "channel": "UC6r-KuAcmT_mJzOMNayp8Hg", "votes": "3", "photo": "https://yt3.ggpht.com/ytc/AAUvwnjnCu9A_ybSEoncXYNLvZ1SvX4JuOaWf_TAfmLuiQ=s176-c-k-c0x00ffffff-no-rj", "heart": false}
{"cid": "UgybPMlevdk-jXE6TCd4AaABAg", "text": "Golazo.. Realmente dif√≠cil de concretar, muy bello como vuela y cae justo en la esquina del arco.. GOLAZO", "time": "4Í∞úÏõî Ï†Ñ", "author": "Johan Mora", "channel": "UCxcYsqBWg2_93CGxboPiK8g", "votes": "23", "photo": "https://yt3.ggpht.com/ytc/AAUvwnhuaAR5aHSs84wykrH_zvA5_4BI_jYo-AVpth7c=s176-c-k-c0x00ffffff-no-rj", "heart": false}
{"cid": "Ugzjcg27b1GThEL8Oy14AaABAg", "text": "Vamoooos !!! A votar por Ecuador üá™üá®üí™", "time": "4Í∞úÏõî Ï†Ñ", "author": "David Martillo", "channel": "UC-G9L0WqUi3hNehI3L6rMKQ", "votes": "6", "photo": "https://yt3.ggpht.com/ytc/AAUvwnjONbMS_ixrlaeIjTOU0ncPQ9JH43oppTpX9k_BHA=s176-c-k-c0x00ffffff-no-rj", "heart": false}
{"cid": "UgwQ12Jv-h4E9rO8znV4AaABAg", "text": "Vamoooo", "time": "4Í∞úÏõî Ï†Ñ", "author": "Sebas Gallardo", "channel": "UCc-SxKq2at_KIAFh94TONxA", "votes": "2", "photo": "https://yt3.ggpht.com/ytc/AAUvwniezgqIKpSLIXOjtsWB9Pn-nUl8y0ocOINVwQ2UfQ=s176-c-k-c0x00ffffff-no-rj", "heart": false}
{"cid": "UgxjsPaIgimnoSYN1Lt4AaABAg", "text": "wow", "time": "4Í∞úÏõî Ï†Ñ", "author": "Daniel Brendan Dolatabadi", "channel": "UCDrsVQCktsEuEXPveiwvJ6A", "votes": "2", "photo": "https://yt3.ggpht.com/ytc/AAUvwniuQ8LImJmBl-qkvWG7CnQvCqpvOohm33ySYA=s176-c-k-c0x00ffffff-no-rj", "heart": false}
{"cid": "Ugwmrz08eSKttNkGzj94AaABAg", "text": "The reaction of number 70. He literally didn't know what just happened :D", "time": "4Í∞úÏõî Ï†Ñ", "author": "Conor Lumsden", "channel": "UCzu_lEZDd6wK-1RzPZBkwdQ", "votes": "142", "photo": "https://yt3.ggpht.com/ytc/AAUvwnjExbhSfhONUrmrBXt7iw1jDq7mpaG2GrCMDA=s176-c-k-c0x00ffffff-no-rj", "heart": false}
{"cid": "UgwUMuHiwlYeHNfaTkR4AaABAg", "text": "Best goal imo", "time": "4Í∞úÏõî Ï†Ñ", "author": "Dan DA little Man", "channel": "UCZhB1d9RGzmPrO6PDIxZN3Q", "votes": "3", "photo": "https://yt3.ggpht.com/ytc/AAUvwnhW1eQz8w1BCX8QZKfObqOlds7c6it9_n1LFCZE=s176-c-k-c0x00ffffff-no-rj", "heart": false}
{"cid": "UgxHozxJZNUT7WEzemF4AaABAg", "text": "ES HOY O NUNCA. VAMOS ECUATORIANOS APOYEMOS A LEONEL", "time": "4Í∞úÏõî Ï†Ñ", "author": "Nelson Perez", "channel": "UCq4zjyBX1XZ5-6Vua_hiy-Q", "votes": "33", "photo": "https://yt3.ggpht.com/ytc/AAUvwngJ-1r0sPmGtJctCvXSBEaOkADPLYdofuNZdg=s176-c-k-c0x00ffffff-no-rj", "heart": false}
{"cid": "UgzV0brK9w1k1gIsvcJ4AaABAg", "text": "Yessss, an ecuadorian might win!!!! Vote for him", "time": "4Í∞úÏõî Ï†Ñ", "author": "King Santi", "channel": "UC2ALXOf39fXADD7MiLkAC9A", "votes": "26", "photo": "https://yt3.ggpht.com/ytc/AAUvwniOfFzQEVR2nc3k1D2StYHOF8F8XgIpvwdvWGk1=s176-c-k-c0x00ffffff-no-rj", "heart": false}
{"cid": "Ugz6Wq0gJtGYC3bGU0V4AaABAg", "text": "Solo quedan pocas   palabras para describir tremendo tiro libre", "time": "4Í∞úÏõî Ï†Ñ", "author": "The real Beats", "channel": "UCDl-4fSe2wnsclD1Yn__VRw", "votes": "5", "photo": "https://yt3.ggpht.com/ytc/AAUvwniHYoM1Y6TVaKtc--e1rbIvX3aB1Q4kdqnnhUVo=s176-c-k-c0x00ffffff-no-rj", "heart": false}
{"cid": "Ugzn71O0nMW9Z6E_aSp4AaABAg", "text": "The best üòé‚úçüèæ", "time": "4Í∞úÏõî Ï†Ñ", "author": "Edisson Bautista", "channel": "UC6yZksdS8aj2lb1UOpLRbbQ", "votes": "2", "photo": "https://yt3.ggpht.com/ytc/AAUvwnixRrR-kfQAdlkUYMq3eFARM9jZFbiM1xwF6Ld2=s176-c-k-c0x00ffffff-no-rj", "heart": false}
{"cid": "Ugw8-EEtOsj1NdTpoX54AaABAg.9GUhomafbz_9HGVeP3cplc", "text": "¬†@Carlos Proa√±o Vargas¬† XD, no creo que gane", "time": "3Í∞úÏõî Ï†Ñ", "author": "CJ", "channel": "UC1vzCBWTVPejhPuHf8DIXoQ", "votes": "0", "photo": "https://yt3.ggpht.com/ytc/AAUvwnhD9licME_3JljYzZT1XzOs8DyGAKyXXtvamjZs=s176-c-k-c0x00ffffff-no-rj", "heart": false}
{"cid": "Ugw8-EEtOsj1NdTpoX54AaABAg.9GUhomafbz_9HG8a09S1Xu", "text": "¬†@CJ¬† \nNo me importa.\nYo quiero que gane el de Ecuador", "time": "3Í∞úÏõî Ï†Ñ", "author": "Carlos Proa√±o Vargas", "channel": "UCTiZoVmxjXHiXFHnvv9oqTg", "votes": "0", "photo": "https://yt3.ggpht.com/ytc/AAUvwngEXCl8gg1VUTXI76oq8quSUsZ5uon6r57BKRsldQ=s176-c-k-c0x00ffffff-no-rj", "heart": false}
{"cid": "Ugw8-EEtOsj1NdTpoX54AaABAg.9GUhomafbz_9HG7aPAoNb5", "text": "El de arrascaeta es mejor", "time": "3Í∞úÏõî Ï†Ñ", "author": "CJ", "channel": "UC1vzCBWTVPejhPuHf8DIXoQ", "votes": "0", "photo": "https://yt3.ggpht.com/ytc/AAUvwnhD9licME_3JljYzZT1XzOs8DyGAKyXXtvamjZs=s176-c-k-c0x00ffffff-no-rj", "heart": false}
{"cid": "Ugw8-EEtOsj1NdTpoX54AaABAg.9GUhomafbz_9H0Ij1_q5Xq", "text": "¬†@Derian Gutierrez¬† \nS√≠ :v", "time": "3Í∞úÏõî Ï†Ñ", "author": "Carlos Proa√±o Vargas", "channel": "UCTiZoVmxjXHiXFHnvv9oqTg", "votes": "0", "photo": "https://yt3.ggpht.com/ytc/AAUvwngEXCl8gg1VUTXI76oq8quSUsZ5uon6r57BKRsldQ=s176-c-k-c0x00ffffff-no-rj", "heart": false}
{"cid": "Ugw8-EEtOsj1NdTpoX54AaABAg.9GUhomafbz_9Gz_2GVICaq", "text": "¬†@El oso bratto¬† jajajajajajaja \nAgrandado en qu√© ?", "time": "3Í∞úÏõî Ï†Ñ", "author": "Carlos Proa√±o Vargas", "channel": "UCTiZoVmxjXHiXFHnvv9oqTg", "votes": "0", "photo": "https://yt3.ggpht.com/ytc/AAUvwngEXCl8gg1VUTXI76oq8quSUsZ5uon6r57BKRsldQ=s176-c-k-c0x00ffffff-no-rj", "heart": false}
{"cid": "Ugw8-EEtOsj1NdTpoX54AaABAg.9GUhomafbz_9GzZAtXoddK", "text": "Ecuchiste ajaja agrandados y dan pena", "time": "3Í∞úÏõî Ï†Ñ", "author": "El oso bratto", "channel": "UCze9JoKfoKVww3eVDkalSww", "votes": "0", "photo": "https://yt3.ggpht.com/ytc/AAUvwnhn3vmvoSoFA9un2XNqxFXFMMkjIjuo5UuLcyxrYw=s176-c-k-c0x00ffffff-no-rj", "heart": false}
{"cid": "Ugw8-EEtOsj1NdTpoX54AaABAg.9GUhomafbz_9GYi21N__EY", "text": "¬†@Carlos Proa√±o Vargas¬† que ustedes se conocen üòÇüòÇ", "time": "4Í∞úÏõî Ï†Ñ", "author": "Derian Gutierrez", "channel": "UCJiPohLjf1bXCm8RYJjg7jQ", "votes": "1", "photo": "https://yt3.ggpht.com/ytc/AAUvwnjBRo0-cOfkd839UnY-H93-Gt_2U0t0o_8JjxACAQ=s176-c-k-c0x00ffffff-no-rj", "heart": false}
{"cid": "Ugw8-EEtOsj1NdTpoX54AaABAg.9GUhomafbz_9GWyTLLibrf", "text": "¬†@Carlos Proa√±o Vargas¬† pdod", "time": "4Í∞úÏõî Ï†Ñ", "author": "Rosa Falcones", "channel": "UCdPKbFuFNccoGV_gHgQRy9w", "votes": "0", "photo": "https://yt3.ggpht.com/ytc/AAUvwnhqzoqFx0Kz8VloSIGigA5nLameqny2WosX8Q=s176-c-k-c0x00ffffff-no-rj", "heart": false}
{"cid": "Ugw8-EEtOsj1NdTpoX54AaABAg.9GUhomafbz_9GVyXR85emO", "text": "¬†@Stefano Alcocer¬† Que fue Mateo como vas jajajajajajajaja. De ley.. ahora ando mas activo por aqu√≠ jajaja", "time": "4Í∞úÏõî Ï†Ñ", "author": "Carlos Proa√±o Vargas", "channel": "UCTiZoVmxjXHiXFHnvv9oqTg", "votes": "2", "photo": "https://yt3.ggpht.com/ytc/AAUvwngEXCl8gg1VUTXI76oq8quSUsZ5uon6r57BKRsldQ=s176-c-k-c0x00ffffff-no-rj", "heart": false}
{"cid": "Ugw8-EEtOsj1NdTpoX54AaABAg.9GUhomafbz_9GVqnorLY3-", "text": "Jaja te pasaste del Facebook al Youtube.\n\nVamos üá™üá® ECUADOR", "time": "4Í∞úÏõî Ï†Ñ", "author": "Stefano Alcocer", "channel": "UCI2_qJzsP9i15HZ3O-pCC-A", "votes": "5", "photo": "https://yt3.ggpht.com/ytc/AAUvwng3_-Kp5vZ4mccgxgtohX14dWdVDFtWxbURZIF_1A=s176-c-k-c0x00ffffff-no-rj", "heart": false}
{"cid": "Ugw8-EEtOsj1NdTpoX54AaABAg.9GUhomafbz_9HJABo2JnMg", "text": "¬†@CJ¬† \nJajajajajaja", "time": "3Í∞úÏõî Ï†Ñ", "author": "Carlos Proa√±o Vargas", "channel": "UCTiZoVmxjXHiXFHnvv9oqTg", "votes": "0", "photo": "https://yt3.ggpht.com/ytc/AAUvwngEXCl8gg1VUTXI76oq8quSUsZ5uon6r57BKRsldQ=s176-c-k-c0x00ffffff-no-rj", "heart": false}
{"cid": "Ugw8-EEtOsj1NdTpoX54AaABAg.9GUhomafbz_9HJ23cNB5Cs", "text": "¬†@Carlos Proa√±o Vargas¬† no sab√≠a que los ecuatorianos eran tan irrespetuosos", "time": "3Í∞úÏõî Ï†Ñ", "author": "CJ", "channel": "UC1vzCBWTVPejhPuHf8DIXoQ", "votes": "0", "photo": "https://yt3.ggpht.com/ytc/AAUvwnhD9licME_3JljYzZT1XzOs8DyGAKyXXtvamjZs=s176-c-k-c0x00ffffff-no-rj", "heart": false}
{"cid": "Ugw8-EEtOsj1NdTpoX54AaABAg.9GUhomafbz_9HI1hxgHGJv", "text": "¬†@CJ¬† \nMe vale v r g lo que pienses", "time": "3Í∞úÏõî Ï†Ñ", "author": "Carlos Proa√±o Vargas", "channel": "UCTiZoVmxjXHiXFHnvv9oqTg", "votes": "0", "photo": "https://yt3.ggpht.com/ytc/AAUvwngEXCl8gg1VUTXI76oq8quSUsZ5uon6r57BKRsldQ=s176-c-k-c0x00ffffff-no-rj", "heart": false}
{"cid": "Ugy1Ugc91KT7SmSZW1V4AaABAg.9GUi7RJb7OQ9GYZWdctRkV", "text": "Como hacemos el voto", "time": "4Í∞úÏõî Ï†Ñ", "author": "Alexis Chimborazo", "channel": "UCtZdLeE1kiYsqkoOq_Rd30g", "votes": "2", "photo": "https://yt3.ggpht.com/ytc/AAUvwnggrn3yco6TF7cmzSmA8e4lUlzfas5XYGqmj9sTqw=s176-c-k-c0x00ffffff-no-rj", "heart": false}
{"cid": "UgxOkiL-DJLGl28kEQ94AaABAg.9GUiZrNi-WQ9GX1eWE78RT", "text": "Son and suarez had more popularity", "time": "4Í∞úÏõî Ï†Ñ", "author": "Volt Thunder", "channel": "UCWo7RWBQb_F6eCD8d3YI-CQ", "votes": "0", "photo": "https://yt3.ggpht.com/ytc/AAUvwnikqoftWmq1r4N4iMKmhIWNwMXu-SOp6yp7bXHISw=s176-c-k-c0x00ffffff-no-rj", "heart": false}
{"cid": "UgwB9KhxKcDwxw7pAGp4AaABAg.9GUioKZGHUe9GW8WcGFtH8", "text": "su foto no dice lo mismo üôà", "time": "4Í∞úÏõî Ï†Ñ", "author": "jinangy", "channel": "UCI2odfZILiUTWVJhQV9tv0w", "votes": "3", "photo": "https://yt3.ggpht.com/ytc/AAUvwng9Vu88aTQKCVSrvuAnJBApmJQhxES3NlT-CjsFOwE=s176-c-k-c0x00ffffff-no-rj", "heart": false}
{"cid": "Ugwmrz08eSKttNkGzj94AaABAg.9GUpRUaScgU9HNnAoh4xYy", "text": "Ronald Champang", "time": "3Í∞úÏõî Ï†Ñ", "author": "FeSu", "channel": "UC_b3Sz9P0rcvvXNbhK-jRQw", "votes": "0", "photo": "https://yt3.ggpht.com/ytc/AAUvwnjBR4Si7x0xbgd0bKk6HFihWtaxrp1afX9UkA=s176-c-k-c0x00ffffff-no-rj", "heart": false}
{"cid": "Ugwmrz08eSKttNkGzj94AaABAg.9GUpRUaScgU9G_ohnRdU7g", "text": "¬†@Mateo Villacis¬† Jajaja s√≠, lol=muchos 'jajaja' :v", "time": "4Í∞úÏõî Ï†Ñ", "author": "CANELLE4Life", "channel": "UCocRMAWi4s-ylwTmuaTcX8w", "votes": "1", "photo": "https://yt3.ggpht.com/ytc/AAUvwnibHxXN2MN7Emwu7W5Kb5BlhaXPdjjYoB5wgf4M5Q=s176-c-k-c0x00ffffff-no-rj", "heart": false}
{"cid": "Ugwmrz08eSKttNkGzj94AaABAg.9GUpRUaScgU9G_BLegzHz5", "text": "¬†@CANELLE4Life¬† lol es como reir ? Xd", "time": "4Í∞úÏõî Ï†Ñ", "author": "Mateo Villacis", "channel": "UCZ00qOBjNsZpZAGdxwoFoPw", "votes": "2", "photo": "https://yt3.ggpht.com/ytc/AAUvwngAAmTztlHRVxbtAh68igsiL-2e36nKtjiCRpadIg=s176-c-k-c0x00ffffff-no-rj", "heart": false}
{"cid": "Ugwmrz08eSKttNkGzj94AaABAg.9GUpRUaScgU9GW849fABQZ", "text": "Lol! Xd", "time": "4Í∞úÏõî Ï†Ñ", "author": "CANELLE4Life", "channel": "UCocRMAWi4s-ylwTmuaTcX8w", "votes": "2", "photo": "https://yt3.ggpht.com/ytc/AAUvwnibHxXN2MN7Emwu7W5Kb5BlhaXPdjjYoB5wgf4M5Q=s176-c-k-c0x00ffffff-no-rj", "heart": false}
{"cid": "UgzV0brK9w1k1gIsvcJ4AaABAg.9GUxJAJ0sSE9L4qO9hccn4", "text": "Eres mitad aleman y mitad ecuatoriano?", "time": "1Ï£º Ï†Ñ", "author": "MIL√ÅN nieves", "channel": "UCU1jfcQSc_kc05eKs63AW1A", "votes": "0", "photo": "https://yt3.ggpht.com/ytc/AAUvwniMXKcbn0LFtPJDjInjYehwARQ4Q2I3KsQFOnOiVQ=s176-c-k-c0x00ffffff-no-rj", "heart": false}
{"cid": "UgxvGpEWSSjT-AJNErt4AaABAg", "text": "SUPERAWESOME GOAL", "time": "4Í∞úÏõî Ï†Ñ(ÏàòÏ†ïÎê®)", "author": "Farhat Christopher", "channel": "UCgRpf7YgkJyiclXYreY_Vmg", "votes": "26", "photo": "https://yt3.ggpht.com/ytc/AAUvwngRdKj9xQn1o1aaCGRmC1xgHVlvXBItR9djMw=s176-c-k-c0x00ffffff-no-rj", "heart": false}
{"cid": "Ugxvy6gjkF2m7ymjNE14AaABAg", "text": "First", "time": "4Í∞úÏõî Ï†Ñ", "author": "XAVI BONILLA", "channel": "UCcl_lk-2BwikNx_InKXd_DQ", "votes": "3", "photo": "https://yt3.ggpht.com/ytc/AAUvwni1WYDa1BD-62k6ykLKTMAuisjyU6RV6tyL2Am8=s176-c-k-c0x00ffffff-no-rj", "heart": false}
{"cid": "UgzVQygUxOVF5AVn7wB4AaABAg", "text": "25 seconds late", "time": "4Í∞úÏõî Ï†Ñ", "author": "A6A", "channel": "UCiQImwnXlfM7uDk_SgnPnRA", "votes": "10", "photo": "https://yt3.ggpht.com/ytc/AAUvwnizwZGWby9Ma4hNf_12ud6vbe7X3gueSrcmoKYU8w=s176-c-k-c0x00ffffff-no-rj", "heart": false}
{"cid": "UgzibobET3Ow02vYEL14AaABAg", "text": "SON will win!", "time": "4Í∞úÏõî Ï†Ñ", "author": "Miyon The Great", "channel": "UC17-k_F73EmBA983HhME7OQ", "votes": "3", "photo": "https://yt3.ggpht.com/ytc/AAUvwniVND5tCQHvxpPcZx5Z_bZPcMRqlO81LWoy-tA7=s176-c-k-c0x00ffffff-no-rj", "heart": false}
{"cid": "UgxGY9ERJn6IB2DWrol4AaABAg", "text": "From kerala", "time": "4Í∞úÏõî Ï†Ñ", "author": "Az pess mobile", "channel": "UC4WjZ5VOEVQw0WTxJQKa81Q", "votes": "1", "photo": "https://yt3.ggpht.com/ytc/AAUvwngrMcXYkl5RbZyFMhQt6ktolZfXkK3CselqzTOLBQ=s176-c-k-c0x00ffffff-no-rj", "heart": false}
{"cid": "Ugz4BVSmPGGDAwUpSiN4AaABAg", "text": "Ang gi mo tti", "time": "4Í∞úÏõî Ï†Ñ", "author": "Ïò§ÏÇ∞u12ÏÑ∏ÌòÑ", "channel": "UCxOuWJjIjez_3uB-oZIlY5w", "votes": "1", "photo": "https://yt3.ggpht.com/ytc/AAUvwngBBWXo6OYEmXzmYLbSoyiVXBFBeP57Xjunwz5L=s176-c-k-c0x00ffffff-no-rj", "heart": false}
{"cid": "UgxpgZlA8q_03tg3RlJ4AaABAg", "text": "This goal is funny", "time": "4Í∞úÏõî Ï†Ñ", "author": "Christiano Pulinaldo", "channel": "UCfYzk0oRL0wMlWfviZg4RTA", "votes": "2", "photo": "https://yt3.ggpht.com/ytc/AAUvwni3V_cdAkDAh4NJ1XvSAv_EjjQZnNsTVJwThM-P=s176-c-k-c0x00ffffff-no-rj", "heart": false}
{"cid": "Ugz-a7mnjd4p24khxZ94AaABAg", "text": "Vamos Ecuadoooor", "time": "4Í∞úÏõî Ï†Ñ", "author": "Alejandro Pinela", "channel": "UCm2Wa8eCaf7TCleVjILnq6g", "votes": "36", "photo": "https://yt3.ggpht.com/ytc/AAUvwng571iHhyYV-rZz8DeKV3Cbv78TtdJcTGxX5E7R=s176-c-k-c0x00ffffff-no-rj", "heart": false}
{"cid": "Ugxyp7mdoZPSMkJHsKZ4AaABAg", "text": "Amazing goal", "time": "4Í∞úÏõî Ï†Ñ(ÏàòÏ†ïÎê®)", "author": "My Dreams", "channel": "UCuZomMixKV-vmfJUiNS-g7g", "votes": "7", "photo": "https://yt3.ggpht.com/ytc/AAUvwnizPP7vCQlNZhjIJ5DrwIUCEPTyULwMsMBdHZJNIg=s176-c-k-c0x00ffffff-no-rj", "heart": false}
{"cid": "Ugz3e8VJWbkzJ8xax0R4AaABAg", "text": "In My Opinion, this was the most BEAUTIFUL GOAL.", "time": "4Í∞úÏõî Ï†Ñ(ÏàòÏ†ïÎê®)", "author": "Intera√ß√£o - Fatos e Curiosidades", "channel": "UCKC7gs205mgb1jMOziqNfLQ", "votes": "160", "photo": "https://yt3.ggpht.com/ytc/AAUvwnhKrxf4DpKmii7TmbroF06sB5JYZ42ImnMqGz928Q=s176-c-k-c0x00ffffff-no-rj", "heart": false}
{"cid": "Ugz3e8VJWbkzJ8xax0R4AaABAg.9GUgBxhhI189HObApbl53f", "text": "It's great, but the GK was out of his goal.", "time": "3Í∞úÏõî Ï†Ñ", "author": "Abdu Ugas", "channel": "UCX7wuN5XcX0A3zdw6wMp91g", "votes": "0", "photo": "https://yt3.ggpht.com/ytc/AAUvwnjJFQG5dUxAjeHbJwCqswemJ0EIAJkkTd5GI-kvZSw=s176-c-k-c0x00ffffff-no-rj", "heart": false}
{"cid": "Ugz3e8VJWbkzJ8xax0R4AaABAg.9GUgBxhhI189HIdB_ZqjHt", "text": "Very intelligent at least", "time": "3Í∞úÏõî Ï†Ñ", "author": "Sans", "channel": "UCZ_wSiRSc6qonrCeqnd9ndA", "votes": "2", "photo": "https://yt3.ggpht.com/ytc/AAUvwnipFvsLJ0SlxAtV8LmSIgvHhWrv8ndj_HOOt4-fnQ=s176-c-k-c0x00ffffff-no-rj", "heart": false}
{"cid": "Ugz3e8VJWbkzJ8xax0R4AaABAg.9GUgBxhhI189H2PyEyWlwl", "text": "No Son was the best", "time": "3Í∞úÏõî Ï†Ñ", "author": "MMS PLAYS", "channel": "UC0iDJ_iFjujiMyKVhQU_GfA", "votes": "5", "photo": "https://yt3.ggpht.com/ytc/AAUvwnh4w3FhmPfGUSsvIZp6Yg_jF04Nnr1pkRfXKbv4pg=s176-c-k-c0x00ffffff-no-rj", "heart": false}
{"cid": "Ugz3e8VJWbkzJ8xax0R4AaABAg.9GUgBxhhI189GpFADnuJIw", "text": "¬†@Khanor 'Blue Rat Lips'Mcchimaev¬† yo apeak spanish no ingles xd", "time": "3Í∞úÏõî Ï†Ñ", "author": "Mateo Villacis", "channel": "UCZ00qOBjNsZpZAGdxwoFoPw", "votes": "1", "photo": "https://yt3.ggpht.com/ytc/AAUvwngAAmTztlHRVxbtAh68igsiL-2e36nKtjiCRpadIg=s176-c-k-c0x00ffffff-no-rj", "heart": false}
{"cid": "Ugz3e8VJWbkzJ8xax0R4AaABAg.9GUgBxhhI189GpEg-_C2S3", "text": "You need more time watching football son.", "time": "3Í∞úÏõî Ï†Ñ", "author": "Khanor 'Blue Rat Lips'Mcchimaev", "channel": "UC_n0iiTrqw00_9TSwotCQXQ", "votes": "0", "photo": "https://yt3.ggpht.com/ytc/AAUvwnj1FjcWyzo-zUHNJ9p4c-WAQvmuG0sfIS3rJeUHsA=s176-c-k-c0x00ffffff-no-rj", "heart": false}
{"cid": "Ugz3e8VJWbkzJ8xax0R4AaABAg.9GUgBxhhI189GZH9alz_jG", "text": "Yes, yes, positiveishon", "time": "4Í∞úÏõî Ï†Ñ", "author": "Axell Alvia", "channel": "UCdYxJpf8-xCInQi7NlI9Vag", "votes": "2", "photo": "https://yt3.ggpht.com/ytc/AAUvwnicX4FVIl-e9nTb1p2lKwkSKfy79XXO1NXxSZYLtQ=s176-c-k-c0x00ffffff-no-rj", "heart": false}
{"cid": "Ugz3e8VJWbkzJ8xax0R4AaABAg.9GUgBxhhI189GXbImLxznX", "text": "Simon el mejor gol xs", "time": "4Í∞úÏõî Ï†Ñ", "author": "Mateo Villacis", "channel": "UCZ00qOBjNsZpZAGdxwoFoPw", "votes": "2", "photo": "https://yt3.ggpht.com/ytc/AAUvwngAAmTztlHRVxbtAh68igsiL-2e36nKtjiCRpadIg=s176-c-k-c0x00ffffff-no-rj", "heart": false}
{"cid": "Ugz3e8VJWbkzJ8xax0R4AaABAg.9GUgBxhhI189GVASMbYIJQ", "text": "the much?", "time": "4Í∞úÏõî Ï†Ñ", "author": "Mauricio Guerrero", "channel": "UChLJ91uuu3gtVedZigqGMEw", "votes": "0", "photo": "https://yt3.ggpht.com/ytc/AAUvwngXtuTo_yxfT2nHCYxsqs5_0pms6_KPqsj3tk84sw=s176-c-k-c0x00ffffff-no-rj", "heart": false}
