{"cid": "UgwzpqvTKp5JT0FRiDN4AaABAg", "text": "1 vote given", "time": "3Í∞úÏõî Ï†Ñ", "author": "Rai Joel", "channel": "UC7k4VXJH-kBqiW0BseRJmjA", "votes": "0", "photo": "https://yt3.ggpht.com/ytc/AAUvwnhLIYKdDIsS9lfOn1vqt3XOYG5WAIab-eTG7w=s176-c-k-c0x00ffffff-no-rj", "heart": false}
{"cid": "UgzsK7j900nX5FjAu014AaABAg", "text": "Thw womens are in a separated category right?", "time": "3Í∞úÏõî Ï†Ñ", "author": "Dalek C", "channel": "UCg2PaBiukA6Hvrrr93fkOpA", "votes": "9", "photo": "https://yt3.ggpht.com/ytc/AAUvwnidjiwN8Tlo1IgbxO81pL9pvfXSalGSjjvYTQQWkg=s176-c-k-c0x00ffffff-no-rj", "heart": false}
{"cid": "UgxqYe83Omp0PCbty-N4AaABAg", "text": "If she wins we protest", "time": "3Í∞úÏõî Ï†Ñ", "author": "drop_thebiscuit 98", "channel": "UCVsQCzOwzJAvZPj8gPa29gg", "votes": "0", "photo": "https://yt3.ggpht.com/ytc/AAUvwnjIX_BWofibfltqU2Nga1kX1fKTvUEBXFV-Uw=s176-c-k-c0x00ffffff-no-rj", "heart": false}
{"cid": "UgzEiaGeFS2ViC_aSbN4AaABAg", "text": "Great goal and I love our captain, but that's not a puskas goal.", "time": "3Í∞úÏõî Ï†Ñ", "author": "Esteban Mar√≠n", "channel": "UCMIzbtohCkn9rtYM-Jzm0wQ", "votes": "1", "photo": "https://yt3.ggpht.com/ytc/AAUvwnjymrqACf5Q3EyUD_SlwsYBx9rtOfOLkgW3bw=s176-c-k-c0x00ffffff-no-rj", "heart": false}
{"cid": "UgyIKe59914vbCiVbNV4AaABAg", "text": "This is not even a special goal? Am I missing something?", "time": "3Í∞úÏõî Ï†Ñ", "author": "JW Animations", "channel": "UCtxlzbvAsnpjK-T3W4aZ_Cg", "votes": "7", "photo": "https://yt3.ggpht.com/ytc/AAUvwniamH9W3VdYzbcZUkYSsV9FBjvkiy3Q4pTu2g=s176-c-k-c0x00ffffff-no-rj", "heart": false}
{"cid": "UgzxKM-Op6fW6lTaQNB4AaABAg", "text": "Jajajajajaja la correci√≥n pol√≠tica cada vez est√° m√°s fuerte", "time": "3Í∞úÏõî Ï†Ñ", "author": "El Patriarca", "channel": "UCUNH-cABOrCyYC7QyX2Xtjw", "votes": "0", "photo": "https://yt3.ggpht.com/ytc/AAUvwniiiIaTnkn0tsffDUww6uvLbRhsuowzV6cJ1iXmQEo=s176-c-k-c0x00ffffff-no-rj", "heart": false}
{"cid": "UgxZhSJyhDfxfjvW3g14AaABAg", "text": "this is what equality gives you", "time": "3Í∞úÏõî Ï†Ñ", "author": "yeehaw", "channel": "UCPea1MCbjUc6V6cJ_RsBPCg", "votes": "16", "photo": "https://yt3.ggpht.com/ytc/AAUvwniiWALi2rW-ZYd4VHYTl5-r6a4FFVNxU0FFb1Nqcg=s176-c-k-c0x00ffffff-no-rj", "heart": false}
{"cid": "Ugztykj3HnucbO_ciCh4AaABAg", "text": "Nice goal but never puskas worthy", "time": "3Í∞úÏõî Ï†Ñ", "author": "Antero_GL", "channel": "UCShgr7JG2EsOwkx31lPaXHQ", "votes": "0", "photo": "https://yt3.ggpht.com/ytc/AAUvwnjvlI3B3e8suatiKTXEvxxvfVRcxv4g6_35rKMJFg=s176-c-k-c0x00ffffff-no-rj", "heart": false}
{"cid": "UgztMRUcF4lnGxwTCZl4AaABAg", "text": "fifa should differentiate the category for women and men", "time": "3Í∞úÏõî Ï†Ñ", "author": "Mi Andra", "channel": "UCnf0gUPIhJNgbnGztl5E-zg", "votes": "0", "photo": "https://yt3.ggpht.com/ytc/AAUvwnjdRwv2PLSzkcVx8X_KDbeogBvFSOgJBHMqKQ=s176-c-k-c0x00ffffff-no-rj", "heart": false}
{"cid": "UgwNqJG2hXxgzxis10R4AaABAg", "text": "Sorry, but I could smack that in from 12 yards too. The best goals are those scored against even the best defences. This is just a goal born out of complete ineptitude by the opposition. I would be shocked if a player had this opportunity and missed.", "time": "3Í∞úÏõî Ï†Ñ", "author": "Archefluxx Happy Hardcore", "channel": "UCeybrKNLfB8XQfSvECLyeMA", "votes": "0", "photo": "https://yt3.ggpht.com/ytc/AAUvwnhAmsI0uRuhbCVUkmAfb4BzFDfkXYOLzjvS_JHSfSo=s176-c-k-c0x00ffffff-no-rj", "heart": false}
{"cid": "Ugz_LricGzdWi5pnHDh4AaABAg", "text": "I dont get all that hate, a volley from a corner, running to the ball and right on the post... You can hate all you want but I bet no one here would score such a goal.", "time": "3Í∞úÏõî Ï†Ñ", "author": "Flash Joe", "channel": "UCcxSjfKZdmnYk_Kk1qfTVsQ", "votes": "0", "photo": "https://yt3.ggpht.com/ytc/AAUvwngG54GhWK9w_VL-_A3AL8bwlCazyvH7V5H_b-wM=s176-c-k-c0x00ffffff-no-rj", "heart": false}
{"cid": "UgwsbtyM3K971JuGBu94AaABAg", "text": "There had to have been multiple goals by women that are better than this. This is simple technique that any pro player, male or female should have.", "time": "3Í∞úÏõî Ï†Ñ", "author": "WD", "channel": "UCLTYKqA_9kuC4M6vHun_lnQ", "votes": "0", "photo": "https://yt3.ggpht.com/ytc/AAUvwnj1Ghn1OTZyL5ilYaLYclqJdleipzWSnWrBcoa_TQ=s176-c-k-c0x00ffffff-no-rj", "heart": false}
{"cid": "UgzNTP7Zua7plwDQwUx4AaABAg", "text": "You know what\nMaybe FIFA should make a best goal Awards for women later", "time": "3Í∞úÏõî Ï†Ñ", "author": "Shirotera 1601", "channel": "UCT6w93TCtceEzW90Jwy5N8g", "votes": "6", "photo": "https://yt3.ggpht.com/ytc/AAUvwngmkAHSZb6enDTv0bzVBXZcC2uuyCu0rl1DMg=s176-c-k-c0x00ffffff-no-rj", "heart": false}
{"cid": "UgwewkeAkHT3NIsEuWN4AaABAg", "text": "Todo por poner una t√≠a en la final", "time": "3Í∞úÏõî Ï†Ñ", "author": "Edus Cabrera", "channel": "UC4dm_TBm_jj1Wo-GSiAgmaA", "votes": "0", "photo": "https://yt3.ggpht.com/ytc/AAUvwnjL6OTGVaDPH7rAF2qlUZs4qoLS1IXjrE3fqJqz5w=s176-c-k-c0x00ffffff-no-rj", "heart": false}
{"cid": "UgyUt9h4hQ0j7hUH_bZ4AaABAg", "text": "yep 100% top 10 goals of the decade :`D", "time": "3Í∞úÏõî Ï†Ñ", "author": "karimkopra", "channel": "UCSDr39BRsDXdrOBeuXkbYUg", "votes": "0", "photo": "https://yt3.ggpht.com/ytc/AAUvwnjBTY6268TYMjFomgm0fDt9aca5yWdozNH3E5iI=s176-c-k-c0x00ffffff-no-rj", "heart": false}
{"cid": "Ugw1vKF9EJIwTuhpffJ4AaABAg", "text": "Fifa......we need to talk.", "time": "3Í∞úÏõî Ï†Ñ", "author": "Shahi Memes", "channel": "UCPkaCqJRJx6Fpx_nPsL9ksw", "votes": "1", "photo": "https://yt3.ggpht.com/ytc/AAUvwnhE1kDqHnvkJqjSjrGLHGAbLgxTwM3n7GdEmEI-vw=s176-c-k-c0x00ffffff-no-rj", "heart": false}
{"cid": "UgxkF1S9DYYrM50GO1l4AaABAg", "text": "Why was that a nominee", "time": "3Í∞úÏõî Ï†Ñ", "author": "Sasha Lover", "channel": "UC15jDczUVJ-brsCTs7jjamA", "votes": "0", "photo": "https://yt3.ggpht.com/ytc/AAUvwnhWUXksxHJwv8Gouvbd5nNRDGm3QfJh0Duwo9g45A=s176-c-k-c0x00ffffff-no-rj", "heart": false}
{"cid": "UgwtgnDaon6rWA-emMh4AaABAg", "text": "Now compare this to the volley of Jordan Flores in the next video of the playlist", "time": "3Í∞úÏõî Ï†Ñ", "author": "B4RT", "channel": "UCglUI50mfabcP5TG13goEdQ", "votes": "1", "photo": "https://yt3.ggpht.com/ytc/AAUvwnhxJZ5uBCQ7cKaovv_0NFycax0Y-N9qBl-D6xZb=s176-c-k-c0x00ffffff-no-rj", "heart": false}
{"cid": "UgztEE-zN6YrmgHL5zV4AaABAg", "text": "Wow üí™üí™üí™üí™üí™", "time": "3Í∞úÏõî Ï†Ñ", "author": "marco marco", "channel": "UCYXucOSseqfNNpeXXmWKkIQ", "votes": "0", "photo": "https://yt3.ggpht.com/ytc/AAUvwnj3iZcXMCodDIK7KrTWTQ5CIph9nGsokmLi7iRt-g=s176-c-k-c0x00ffffff-no-rj", "heart": false}
{"cid": "UgzXL9Alopr2HjM4_WV4AaABAg", "text": "This is like arguing that a dishwasher is a great marksman riffle.", "time": "1Í∞úÏõî Ï†Ñ", "author": "A simple Solution", "channel": "UCQi1NuUuc-tcMQlcSNC6goA", "votes": "0", "photo": "https://yt3.ggpht.com/ytc/AAUvwnjCdrNdBjTkq8IOSt_tAnG_PhDGXgNfc5nq4yR6=s176-c-k-c0x00ffffff-no-rj", "heart": false}
{"cid": "Ugz_LricGzdWi5pnHDh4AaABAg.9HGOVMuCCr_9IU9CeE8qcu", "text": "Mate, we arent proffesionals footballers of course we cant, but this isnt puskas worthy", "time": "2Í∞úÏõî Ï†Ñ", "author": "Waffle Does Stuff", "channel": "UCJ1m7hgXp_PlTzjkF5ja7ow", "votes": "0", "photo": "https://yt3.ggpht.com/ytc/AAUvwni2zay9fr0Q-HcrJ0rKluI3soc1McagdkgkjvWI=s176-c-k-c0x00ffffff-no-rj", "heart": false}
{"cid": "Ugz_LricGzdWi5pnHDh4AaABAg.9HGOVMuCCr_9HJewauVfx8", "text": "if a guy scored like this, its just normal. majority of guys played soccer when they are growing up in most of countries apart from USA. It's not hate, it's just a fact. Didn't you watch Hlompho Kekana's long range goal? Even in slow mo it looks fast and that far too.", "time": "3Í∞úÏõî Ï†Ñ(ÏàòÏ†ïÎê®)", "author": "ah kong", "channel": "UCeiktUb2FxEoWr-B_NQmRxg", "votes": "2", "photo": "https://yt3.ggpht.com/ytc/AAUvwnhmkWXx_-lSLgIAWF1laXEjEjtM_-EWcKpSb5F_ZQ=s176-c-k-c0x00ffffff-no-rj", "heart": false}
{"cid": "UgwWkXQ4JpsJnEKUX2x4AaABAg", "text": "It‚Äôs a superb goal but doesn‚Äôt deserve nomination", "time": "3Í∞úÏõî Ï†Ñ", "author": "A M", "channel": "UCFYsGOSBIlgFatmH-jPH41w", "votes": "0", "photo": "https://yt3.ggpht.com/ytc/AAUvwngcI701wXExeaWaUtE50_wziPULj7oEy0BgVA=s176-c-k-c0x00ffffff-no-rj", "heart": false}
{"cid": "UgwCjQGzhJuDsG7LLWp4AaABAg", "text": "Son is best", "time": "3Í∞úÏõî Ï†Ñ", "author": "Î©îÏãú", "channel": "UCoQrbOB-3K1Vc7BKIOEXOug", "votes": "0", "photo": "https://yt3.ggpht.com/ytc/AAUvwngjH0ujiwY6AgtGtJsUKdVOY64IDPmNX4J9YJoL=s176-c-k-c0x00ffffff-no-rj", "heart": false}
{"cid": "UgxNpqLI7v8aasMaZxh4AaABAg", "text": "Puskas nominerad for that what a joke", "time": "3Í∞úÏõî Ï†Ñ", "author": "Anton Thulin", "channel": "UCtZq5zxYhKtGTNcTb_giOkw", "votes": "7", "photo": "https://yt3.ggpht.com/ytc/AAUvwniDrkWZaoA2H2THXGX-VVuPnq-Fu6mQekjhDI4skQ=s176-c-k-c0x00ffffff-no-rj", "heart": false}
{"cid": "Ugw6f127ZWP7BrsRP-F4AaABAg", "text": "Muy normalito para estar nominado al Puskas", "time": "3Í∞úÏõî Ï†Ñ", "author": "JosaRoMa", "channel": "UCVbArOQlCNP35yhoZ01UXgw", "votes": "0", "photo": "https://yt3.ggpht.com/ytc/AAUvwnhJQBzl-vNOxHnzbcOa1jSesViD8zbzRNBoLa53=s176-c-k-c0x00ffffff-no-rj", "heart": false}
{"cid": "UgzFZziAKOHHrQJSf6d4AaABAg", "text": "Lol r every goal scored by women player on puskas???", "time": "3Í∞úÏõî Ï†Ñ", "author": "kjws0809", "channel": "UCx0NjU6S6BjkkoVyVnA1h6w", "votes": "1", "photo": "https://yt3.ggpht.com/ytc/AAUvwnh46GMaotfI9928LO76OZJ7oMo7b8zEnrzvfCRXfA=s176-c-k-c0x00ffffff-no-rj", "heart": false}
{"cid": "Ugzf6AYcC9Pg6VKmAxt4AaABAg", "text": "Fifa We ask you to pay attention, because you are tired of what is happening and you do not interfere. Everyone is trying to reach you, but you are far from us.", "time": "3Í∞úÏõî Ï†Ñ", "author": "ÿ¥ŸäŸÖŸà ŸÖÿ≠ŸÖÿØ", "channel": "UCpXbhofdCqw0yzOjHxMVsww", "votes": "0", "photo": "https://yt3.ggpht.com/ytc/AAUvwni9rhlE1p2adsU7spQG1ExpapRFTYWspfsXNw=s176-c-k-c0x00ffffff-no-rj", "heart": false}
{"cid": "UgwGQfzYXx7UbASvSIx4AaABAg", "text": "the goal puskas the cristiano ronaldo free kick", "time": "3Í∞úÏõî Ï†Ñ", "author": "Murilo Torres", "channel": "UCI3vRv5tjLWzyNfnib1-qrQ", "votes": "0", "photo": "https://yt3.ggpht.com/ytc/AAUvwnj7eLiE7K7fNF-rKtiStkZnuwD0DQ925yGQDw=s176-c-k-c0x00ffffff-no-rj", "heart": false}
{"cid": "UgxZCx0jH9rnGG9Z0bl4AaABAg", "text": "suecia", "time": "3Í∞úÏõî Ï†Ñ", "author": "Murilo Torres", "channel": "UCI3vRv5tjLWzyNfnib1-qrQ", "votes": "0", "photo": "https://yt3.ggpht.com/ytc/AAUvwnj7eLiE7K7fNF-rKtiStkZnuwD0DQ925yGQDw=s176-c-k-c0x00ffffff-no-rj", "heart": false}
{"cid": "Ugzlk7Pzwtr7LUFc_YF4AaABAg", "text": "the goal the cristiano ronaldo very beaurifou", "time": "3Í∞úÏõî Ï†Ñ", "author": "Murilo Torres", "channel": "UCI3vRv5tjLWzyNfnib1-qrQ", "votes": "0", "photo": "https://yt3.ggpht.com/ytc/AAUvwnj7eLiE7K7fNF-rKtiStkZnuwD0DQ925yGQDw=s176-c-k-c0x00ffffff-no-rj", "heart": false}
{"cid": "UgzotJKN1A_tqblhMvB4AaABAg", "text": "ok, got it\nthis award is a joke", "time": "3Í∞úÏõî Ï†Ñ", "author": "sergiusbabuguuscooties", "channel": "UCVxbQJVrUnNVL5-ciKHwgPA", "votes": "6", "photo": "https://yt3.ggpht.com/ytc/AAUvwnhLwGx5jU_J7_qcIdgnLPOQhKLZZXpUrI2tSE54sw=s176-c-k-c0x00ffffff-no-rj", "heart": false}
{"cid": "UgwiHkNlDlNbSq98IGB4AaABAg", "text": "If you've played some soccer, you know how hard it is to score a goal like that one.", "time": "3Í∞úÏõî Ï†Ñ", "author": "randall centeno", "channel": "UC6Os7E4Uo6Mv1KspcWnGZBQ", "votes": "0", "photo": "https://yt3.ggpht.com/ytc/AAUvwnjPzAaEzTnUGFTHdnIkar3XwF1kTpJ4jg3pJg=s176-c-k-c0x00ffffff-no-rj", "heart": false}
{"cid": "UgxV_Rpi1IMKM8xYNOl4AaABAg", "text": "Of course.Sson!!", "time": "3Í∞úÏõî Ï†Ñ", "author": "Ïú§Ïö∞ÎöúTV", "channel": "UCKm3eSen75HRPVP0f0qd7uA", "votes": "0", "photo": "https://yt3.ggpht.com/ytc/AAUvwnh5ADkcRSeF_fW30V_ul9jupgMGJXi6bj8B8A=s176-c-k-c0x00ffffff-no-rj", "heart": false}
{"cid": "Ugztt4auO2NBT-POkUl4AaABAg", "text": "just not puskas level, nice shot tho", "time": "3Í∞úÏõî Ï†Ñ", "author": "Patrick Cooke", "channel": "UCIwKkLkkHOEhxmXkeVyEAMQ", "votes": "101", "photo": "https://yt3.ggpht.com/ytc/AAUvwnh9iai4mfAVqAhF6TWyjwDSlWEeRMg7cZl5cV0rmA=s176-c-k-c0x00ffffff-no-rj", "heart": false}
{"cid": "UgxP5fH6eYAXUXRp-zN4AaABAg", "text": "Awesome goal, but not Puskas worthy", "time": "3Í∞úÏõî Ï†Ñ", "author": "Waffle Does Stuff", "channel": "UCJ1m7hgXp_PlTzjkF5ja7ow", "votes": "0", "photo": "https://yt3.ggpht.com/ytc/AAUvwni2zay9fr0Q-HcrJ0rKluI3soc1McagdkgkjvWI=s176-c-k-c0x00ffffff-no-rj", "heart": false}
{"cid": "UgzWiAc5W5bxzAhg8OB4AaABAg", "text": "Goals like this are scored in Sunday league", "time": "3Í∞úÏõî Ï†Ñ", "author": "Padraig O'Shea", "channel": "UCT2dl62yi77RiVaVX-e3bQg", "votes": "19", "photo": "https://yt3.ggpht.com/ytc/AAUvwnj2gyEKM4mLT4qzvODfHS71zjmVg0_fDEIQINi3=s176-c-k-c0x00ffffff-no-rj", "heart": false}
{"cid": "Ugyp_egoPjhllO1qzCN4AaABAg", "text": "Lol do I even have to say anything", "time": "3Í∞úÏõî Ï†Ñ", "author": "Wade", "channel": "UCHJXUOTkpLDMTn3K9i6xyMw", "votes": "37", "photo": "https://yt3.ggpht.com/ytc/AAUvwngs_HRzs5q126cLJkIYnd-VZ2MlhbsBhbHyBcu_dA=s176-c-k-c0x00ffffff-no-rj", "heart": false}
{"cid": "UgzpI-tGfzoz1W7re1J4AaABAg", "text": "Whyyyyyüò≠üò≠üò≠üòÇ", "time": "3Í∞úÏõî Ï†Ñ", "author": "Yellow poodle", "channel": "UCW71XBpDsUBDx2mwIb1TvjA", "votes": "2", "photo": "https://yt3.ggpht.com/ytc/AAUvwnj2cAZRVd4xHJBouK05xgAJSP9AiYm0jt4S4osg=s176-c-k-c0x00ffffff-no-rj", "heart": false}
{"cid": "UgyGvqimdFz7IMSYyaR4AaABAg", "text": "teemu pukki did this for norwich last seasonüòÇ", "time": "3Í∞úÏõî Ï†Ñ(ÏàòÏ†ïÎê®)", "author": "charlie hancock", "channel": "UCSI80LTZFSgTjc-RlvPLtDQ", "votes": "66", "photo": "https://yt3.ggpht.com/ytc/AAUvwniCRd6gi7MYgXneKq-MXxfOS9d40ctDhYlz=s176-c-k-c0x00ffffff-no-rj", "heart": false}
{"cid": "UgyF1OIDOdEyc3Wt77t4AaABAg", "text": "This is done every week by low level players.. you guys should separate females and male awards", "time": "3Í∞úÏõî Ï†Ñ", "author": "Dr. Diaz", "channel": "UChxPpHDv4sql9sE3bGepLLw", "votes": "48", "photo": "https://yt3.ggpht.com/ytc/AAUvwnjajPn6hR1rlKdJ9umi20ZSnDhJvL3hrBR7oPWit5Y=s176-c-k-c0x00ffffff-no-rj", "heart": false}
{"cid": "UgwGP6JQnVwqKztDOfx4AaABAg", "text": "just a normal goal", "time": "3Í∞úÏõî Ï†Ñ", "author": "Adam Stingers", "channel": "UC2o0trxOIG59zNe5Y23CkQw", "votes": "0", "photo": "https://yt3.ggpht.com/ytc/AAUvwnhrpvY3P_0uCNwUSORbEBvR9qe0NtQVTabwVW_g7g=s176-c-k-c0x00ffffff-no-rj", "heart": false}
{"cid": "Ugztt4auO2NBT-POkUl4AaABAg.9H-BHIvkEM49H4g0PBMajy", "text": "Yes, its a pretty ordinary \"extraordinary\" goal. Nice effort for her üëçüëç", "time": "3Í∞úÏõî Ï†Ñ", "author": "Hanindita Budhi", "channel": "UCyVF6rbbAK8MVKNUAqqsgww", "votes": "1", "photo": "https://yt3.ggpht.com/ytc/AAUvwniheJLoXPbFrj_bXpHcQK1ej0AwKpuM0Z7UdzdEvw=s176-c-k-c0x00ffffff-no-rj", "heart": false}
{"cid": "UgxyZd1awFqRCdPr84t4AaABAg", "text": "Go, go Costa Rica", "time": "4Í∞úÏõî Ï†Ñ", "author": "Oscar Chacon Brenes", "channel": "UChrEw_OdrevQILD6iG9K08Q", "votes": "2", "photo": "https://yt3.ggpht.com/ytc/AAUvwnj4A82mGomtaTf4W7vt23xskORjZqdFRC5jxg=s176-c-k-c0x00ffffff-no-rj", "heart": false}
{"cid": "UgzNoWGG2fJGpRaziM14AaABAg", "text": "SHIRLEY CRUZ üåüüåüüåüüå∫üå∫üòçüåπüåπüåπ‚òùüëç‚òù‚òùüåê‚òùMUY BIEN.", "time": "4Í∞úÏõî Ï†Ñ", "author": "Alfredo Ll", "channel": "UCvztL_dtyrN9Y9SvKLH3pJw", "votes": "1", "photo": "https://yt3.ggpht.com/ytc/AAUvwniiNTd1PZfr_8PvpOiDtlRrrNw1G2YuNDnGcg=s176-c-k-c0x00ffffff-no-rj", "heart": false}
{"cid": "UgxmXq7ulcUG3VmjTkl4AaABAg", "text": "Son will win.", "time": "4Í∞úÏõî Ï†Ñ", "author": "Hungi 7", "channel": "UCogrGdvfvIwFm_CmSaj1-RA", "votes": "0", "photo": "https://yt3.ggpht.com/ytc/AAUvwngc5Tuuq9FkviIN7qizdXwJiJEi7WFZ_tXL0pOcZQ=s176-c-k-c0x00ffffff-no-rj", "heart": false}
{"cid": "UgyxKtqQQBYx8knPXfl4AaABAg", "text": "are they fr?", "time": "4Í∞úÏõî Ï†Ñ", "author": "CSproductions", "channel": "UCDun7UkouwikuoUf3OLgxxA", "votes": "0", "photo": "https://yt3.ggpht.com/ytc/AAUvwniFyx2fcKNoSXpZ8EdM7s2hxfYYFS-MN7_KyrgnOA=s176-c-k-c0x00ffffff-no-rj", "heart": false}
{"cid": "UgwWCXA2kXphcHpnuM54AaABAg", "text": "There are goals like this in every third men matches...But I get it there must be a woman's goal too", "time": "4Í∞úÏõî Ï†Ñ", "author": "You Mirin?", "channel": "UCCkTP0lxo_JJJs7j_kTa18Q", "votes": "22", "photo": "https://yt3.ggpht.com/ytc/AAUvwnjZO7J2nMonuBNi0rEa3lmt6O-Z5jtjz6EWGQ=s176-c-k-c0x00ffffff-no-rj", "heart": false}
{"cid": "UgzAsCm_zjNQB_zkR1l4AaABAg", "text": "Yo como un gran fanatico del f√∫tbol femenino y de la Concacaf, he elegido como 1¬∫ el golazo de ella. \n\nDe Concacaf para el mundo! Viva Costa Rica! ‚ù§üá®üá∑ Viva Concacaf! ‚ù§", "time": "4Í∞úÏõî Ï†Ñ", "author": "O Mexicano", "channel": "UC6r49QjSQEberdL9xULA1Qg", "votes": "2", "photo": "https://yt3.ggpht.com/ytc/AAUvwngxfdOSqyyOOueNUAmZhwjHeD9-ay392AoxLO9Z=s176-c-k-c0x00ffffff-no-rj", "heart": false}
{"cid": "UgwanEMjLeH8xjTjHMR4AaABAg", "text": "Puskas ?üòÇüòÇüòÇüòÇüòÇ", "time": "4Í∞úÏõî Ï†Ñ", "author": "Jonathan Boateng", "channel": "UC38dT1clxQhPUkAxpwEOaGw", "votes": "2", "photo": "https://yt3.ggpht.com/ytc/AAUvwngCzYqIyz8EPug_PiYByQunZr3XwMmKzeZkUPCaRg=s176-c-k-c0x00ffffff-no-rj", "heart": false}
{"cid": "UgxNbGxtntmFY4Ba7SJ4AaABAg", "text": "Porque nominaron este gol?", "time": "4Í∞úÏõî Ï†Ñ", "author": "ÿ£ŸÜÿß ÿßŸÑŸÖŸÉÿ≥ŸäŸÉŸä 96", "channel": "UCClQrVBb4QriDvM5iG6k-Lw", "votes": "2", "photo": "https://yt3.ggpht.com/ytc/AAUvwniFLV_O9Mz62MxZFHa4DyDzUE4-bbLfHQM47D9pCg=s176-c-k-c0x00ffffff-no-rj", "heart": false}
{"cid": "UgyULnzTIItQj7DDI3p4AaABAg", "text": "its a nominee just 'cause she's a woman.", "time": "4Í∞úÏõî Ï†Ñ", "author": "Arthur de Sousa Lima", "channel": "UC8NQBXjc4mYWdEQLy6Iopaw", "votes": "114", "photo": "https://yt3.ggpht.com/ytc/AAUvwnhrm3xAdyppoo9hBNcChZuSU6d6YxglPWHXvrIsWg=s176-c-k-c0x00ffffff-no-rj", "heart": false}
{"cid": "Ugw6KbJaMqrneVPRArJ4AaABAg", "text": "Its a great goal, but not a puskas level goal.", "time": "4Í∞úÏõî Ï†Ñ", "author": "Esteban David Enr√≠quez Gallegos", "channel": "UCHePscs016xGPXLVk2n811g", "votes": "0", "photo": "https://yt3.ggpht.com/ytc/AAUvwniXBDDGA_ZLmj-6BpqXlZVIM8jxqbAUhfZzYBT8uw=s176-c-k-c0x00ffffff-no-rj", "heart": false}
{"cid": "Ugx7SRWxEZe6fwVv_a14AaABAg", "text": "Amazing", "time": "4Í∞úÏõî Ï†Ñ", "author": "MTB Ride's 'Tenshin'", "channel": "UClSRnxO-l3bbeDFxr8eTRoA", "votes": "0", "photo": "https://yt3.ggpht.com/ytc/AAUvwnhXHOMibL5dyL9NhNPxDbMo39k-ENBDnsmP4skHbw=s176-c-k-c0x00ffffff-no-rj", "heart": false}
{"cid": "UgxE9C8IV2nzV0drn9d4AaABAg", "text": "This ball looks like Adidas Fevernova 2002", "time": "4Í∞úÏõî Ï†Ñ", "author": "Stanis≈Çaw Barateon", "channel": "UChS2lZki7bPpNQVCeBNdpVw", "votes": "0", "photo": "https://yt3.ggpht.com/ytc/AAUvwnhoCBddE2DxsC-lZBmaRK__OEBybzs4j3B7jQ=s176-c-k-c0x00ffffff-no-rj", "heart": false}
{"cid": "Ugz0vgo7rLXqxVSxiTZ4AaABAg", "text": "amazing", "time": "4Í∞úÏõî Ï†Ñ", "author": "Seunghyun LEE", "channel": "UC-Dm1h2O7d7Tu7PM5L444mA", "votes": "0", "photo": "https://yt3.ggpht.com/ytc/AAUvwnhG9jyGBUcxEXwYw5RcxKqbbccw1wk92OvexVXdjw=s176-c-k-c0x00ffffff-no-rj", "heart": false}
{"cid": "UgyzXcBGy5-8QfDzyJB4AaABAg", "text": "There isn‚Äôt nothing special in this goal hahah", "time": "4Í∞úÏõî Ï†Ñ", "author": "Giov Brutus", "channel": "UCmrmsbIGmh98D1b2A73fIOw", "votes": "3", "photo": "https://yt3.ggpht.com/ytc/AAUvwnhhI2KntktcCUItEma2kbaouPLwrt7ZDuxJ8cZU=s176-c-k-c0x00ffffff-no-rj", "heart": false}
{"cid": "UgyCEySidlIL4BDMTvp4AaABAg", "text": "straight outta PSG", "time": "4Í∞úÏõî Ï†Ñ", "author": "osm1718", "channel": "UC9UtXCGVTPeLA4d0KhRfYKA", "votes": "0", "photo": "https://yt3.ggpht.com/ytc/AAUvwnipqvmW0kLiekSXyPO2MHQSvJjJ2VAQBGTQmvf8=s176-c-k-c0x00ffffff-no-rj", "heart": false}
{"cid": "Ugy2vfPPD9V5Kp2KU_h4AaABAg", "text": "pura vida a todos!! que golazooo", "time": "4Í∞úÏõî Ï†Ñ", "author": "Jonathan Esquivel", "channel": "UC6ko2jaPRw2BDYAJ_jrJ1qg", "votes": "4", "photo": "https://yt3.ggpht.com/ytc/AAUvwniRLK1LB9wwJOS4neqYMaTK7D0PZW42AxrFXQ=s176-c-k-c0x00ffffff-no-rj", "heart": false}
{"cid": "UgzrOA4n3XABpt8JJAR4AaABAg", "text": "If Masuluke (Goalkeeper) didn't win it with his overhead kick, I don't see this one winning it. Great goal though", "time": "4Í∞úÏõî Ï†Ñ", "author": "Cliff Cliff", "channel": "UCsTj2Ci4k3CigVyrIFlGO_A", "votes": "7", "photo": "https://yt3.ggpht.com/ytc/AAUvwniD2PooBidJy7rENQegwbHjS-rkiwNzIYLBL75UHg=s176-c-k-c0x00ffffff-no-rj", "heart": false}
{"cid": "UgzQzoMlZgarlRA06nZ4AaABAg", "text": "Lo veo dif√≠cil que hago pero me encanta que ponga goles de costarricenses en los puskas, primero keylor Navas nominado en los mejores porteros del mundo y despues Shirley cruz en gol puskas viva Costa Rica üá®üá∑üá®üá∑üá®üá∑üá®üá∑üá®üá∑üá®üá∑üá®üá∑üá®üá∑", "time": "4Í∞úÏõî Ï†Ñ", "author": "ferna lamir", "channel": "UCSyKYFfKueKF_cY61KFLjlQ", "votes": "2", "photo": "https://yt3.ggpht.com/ytc/AAUvwnjJiIuJbOe34GTfkqCJgcRgOppDKR8eC1x7ZsAi=s176-c-k-c0x00ffffff-no-rj", "heart": false}
{"cid": "UgzZ6rJQEwFsy68_pHN4AaABAg", "text": "best celebaration", "time": "4Í∞úÏõî Ï†Ñ", "author": "James Mwangi", "channel": "UCuljObrzco_I3_7m-yEUiMA", "votes": "0", "photo": "https://yt3.ggpht.com/ytc/AAUvwnikTBVX2pEnD7w67PoYuEYIYrrdXK9n3SvySg=s176-c-k-c0x00ffffff-no-rj", "heart": false}
{"cid": "UgyOc-IIi-9OZQTwSCt4AaABAg", "text": "Let's be honest, out of the all the goal that got nominated here from the women's side, this one doesn't even deserve to be here.", "time": "4Í∞úÏõî Ï†Ñ", "author": "Za Pawarudo", "channel": "UCrrbI_lI8PrPc8lpOJktr9Q", "votes": "195", "photo": "https://yt3.ggpht.com/ytc/AAUvwnggJLXM0RTcK0Y1fVDvJCCjZbj69XBToSZ_lcgvZA=s176-c-k-c0x00ffffff-no-rj", "heart": false}
{"cid": "UgzNoWGG2fJGpRaziM14AaABAg.9GV3I4t8Rx29GXnUU4Hwtl", "text": "Soy costarricence y creo que te estas pasando y no va a ganar no seas tonto fue un gol normal", "time": "4Í∞úÏõî Ï†Ñ", "author": "Mr Edits", "channel": "UC7wVYCrlXLw8GUzLQraws7w", "votes": "1", "photo": "https://yt3.ggpht.com/ytc/AAUvwngaUjdzrEQRZ8n60XIVD6WxP7HxEYe1UZoY3mFR=s176-c-k-c0x00ffffff-no-rj", "heart": false}
{"cid": "UgwanEMjLeH8xjTjHMR4AaABAg.9GVehWEJ0zf9JWu9oZn-G0", "text": "O.gol foi com um pot√™ncia e lindooo..t√° no top gols mais bonitos mais Puskas sei n√£o!", "time": "1Í∞úÏõî Ï†Ñ", "author": "Marllon Saraiva", "channel": "UCaVeQLUd8g2XpicBD3HiAiw", "votes": "0", "photo": "https://yt3.ggpht.com/ytc/AAUvwnjp8Kei-faEMROuy025DzmEK5xidxvIu3neWWEXwA=s176-c-k-c0x00ffffff-no-rj", "heart": false}
{"cid": "UgxNbGxtntmFY4Ba7SJ4AaABAg.9GVkQo-BUvb9GhMLeuOBX6", "text": "¬†@Matthew¬† amigo, este gol es bastante normal (como el de salah el 2018) es un golazo pero no para nominarlo al premio puskas", "time": "4Í∞úÏõî Ï†Ñ", "author": "Pedro Torres", "channel": "UC7txQYSygQeJ0hyoRsumqCw", "votes": "0", "photo": "https://yt3.ggpht.com/ytc/AAUvwnhOufs0lh1iAKI6ltQQg3EwKgpRDiwjUKq8a8pFrw=s176-c-k-c0x00ffffff-no-rj", "heart": false}
{"cid": "UgxNbGxtntmFY4Ba7SJ4AaABAg.9GVkQo-BUvb9GfxY8g7Fs2", "text": "¬†@Matthew¬† no, porque es muy normal xd, ese gol lo puedes ver en cualquier partido de los hombres", "time": "4Í∞úÏõî Ï†Ñ", "author": "Marflo", "channel": "UCbpfmDg29O7TSiU2ilkoNLg", "votes": "0", "photo": "https://yt3.ggpht.com/ytc/AAUvwni1T2GR0x4o1TpQvEx6F55OoNfJlYaRDf5AcE4CkQ=s176-c-k-c0x00ffffff-no-rj", "heart": false}
{"cid": "UgxNbGxtntmFY4Ba7SJ4AaABAg.9GVkQo-BUvb9GYusyx9uhu", "text": "Por ser golazo pap√°, hating cuz it's a woman?", "time": "4Í∞úÏõî Ï†Ñ(ÏàòÏ†ïÎê®)", "author": "Matthew", "channel": "UCkxGPXwbBj9yKi5avMhvh_g", "votes": "1", "photo": "https://yt3.ggpht.com/ytc/AAUvwnjlSa-Lr7KslcknUplkz62H2RTIfzShmItAlW0oAA=s176-c-k-c0x00ffffff-no-rj", "heart": false}
{"cid": "UgyOc-IIi-9OZQTwSCt4AaABAg.9Ges_AQgJd09H5zO1JwqO1", "text": "¬†@iamlegend¬† Yeah, but just sayin' this one is the least impressive and not amazing, it's something you can expect when no one manage to head the ball during a corner.", "time": "3Í∞úÏõî Ï†Ñ", "author": "Za Pawarudo", "channel": "UCrrbI_lI8PrPc8lpOJktr9Q", "votes": "6", "photo": "https://yt3.ggpht.com/ytc/AAUvwnggJLXM0RTcK0Y1fVDvJCCjZbj69XBToSZ_lcgvZA=s176-c-k-c0x00ffffff-no-rj", "heart": false}
{"cid": "UgyOc-IIi-9OZQTwSCt4AaABAg.9Ges_AQgJd09H5EUgmUtoP", "text": "None of the goals scored by women really do.", "time": "3Í∞úÏõî Ï†Ñ", "author": "iamlegend", "channel": "UCG8nx0sPO9BxbHY1zP68x_Q", "votes": "15", "photo": "https://yt3.ggpht.com/ytc/AAUvwngx1JOr-zIC3KJb4I70qASxAIGSgqlvvV-OwqR4=s176-c-k-c0x00ffffff-no-rj", "heart": false}
{"cid": "UgxA_5HRmiea_ndbDS14AaABAg", "text": "Shirley Cruz maravillosa üòç‚ù§Ô∏è", "time": "4Í∞úÏõî Ï†Ñ", "author": "Junior Teixeira", "channel": "UC6jKBxMU7DUaN07dS8Hpg8A", "votes": "12", "photo": "https://yt3.ggpht.com/ytc/AAUvwnhOW_ajCBFH0iRREniTsTVK_5jtTlPAjSa0fQ5u=s176-c-k-c0x00ffffff-no-rj", "heart": false}
{"cid": "UgwAMkVeWjJpeV71r-x4AaABAg", "text": "Congratulations shirley Cruz üëçüî•üî•üî•üî•", "time": "4Í∞úÏõî Ï†Ñ", "author": "Dekqi fernandez", "channel": "UCRBsNxiF_P7tWhCeeAg_YAg", "votes": "5", "photo": "https://yt3.ggpht.com/ytc/AAUvwngALuJyNWyVjOyICKRSOOoTuc_SIjVm0A3EGA=s176-c-k-c0x00ffffff-no-rj", "heart": false}
{"cid": "Ugwax-mLFaYdO6pYA2B4AaABAg", "text": "Beautiful goal!!ü•ÖüèüÔ∏è‚öΩ", "time": "4Í∞úÏõî Ï†Ñ", "author": "Agata Lissidini", "channel": "UCM2wfT26h_4G_rXzFDTKRbQ", "votes": "4", "photo": "https://yt3.ggpht.com/ytc/AAUvwngymGwMVOhgvUkTL5FWrrZLYtR5Q_xJAt9nOBb89A=s176-c-k-c0x00ffffff-no-rj", "heart": false}
{"cid": "UgzRK7FeCZF_0zPTGn54AaABAg", "text": "What a goal.", "time": "4Í∞úÏõî Ï†Ñ", "author": "Fahri Emir", "channel": "UC1KDCUKyq0D6MrLgt_cw8LA", "votes": "1", "photo": "https://yt3.ggpht.com/ytc/AAUvwnhoh8mRPmHWRunQ8aNaV80zlksWy-Y2ZnEvhdy6Pw=s176-c-k-c0x00ffffff-no-rj", "heart": false}
{"cid": "UgwG3NZSAusxvip04th4AaABAg", "text": "Amo el sonido de una buena volea.\nGolazo.", "time": "4Í∞úÏõî Ï†Ñ", "author": "David", "channel": "UCAVMbYa6aJTUezGaU07PGFg", "votes": "2", "photo": "https://yt3.ggpht.com/ytc/AAUvwngmRVgBsk6DZgoxkmqvBSEfcDL5-UO_Xb61Fboj=s176-c-k-c0x00ffffff-no-rj", "heart": false}
{"cid": "UgyPbNyd3BGA7DOilUN4AaABAg", "text": "Looks like Zidane's goal in the Champions League final", "time": "4Í∞úÏõî Ï†Ñ", "author": "Ahmed abd alsabour", "channel": "UC1bL-rjsPY8teUvzcTzyGbw", "votes": "6", "photo": "https://yt3.ggpht.com/ytc/AAUvwnh1a7Z__ipogEEwJtsWwAxIMCUHAtuQwv2sT6ygVg=s176-c-k-c0x00ffffff-no-rj", "heart": false}
{"cid": "UgzMqteuMWQ1pzfcOdB4AaABAg", "text": "Orgullo nacional‚ù§üá®üá∑", "time": "4Í∞úÏõî Ï†Ñ", "author": "Gael", "channel": "UCuiUYTud99EtsbwHpYUn7rA", "votes": "11", "photo": "https://yt3.ggpht.com/ytc/AAUvwngIk7J4XVXlzNfSV1reM6FdnqBeohHR1YdGhw=s176-c-k-c0x00ffffff-no-rj", "heart": false}
{"cid": "Ugwc_JJIw0Pkw4wlwsV4AaABAg", "text": "This is a normal goal", "time": "4Í∞úÏõî Ï†Ñ", "author": "homero simpson", "channel": "UCOXPZNFjfrzQV7_nlcHDzMw", "votes": "20", "photo": "https://yt3.ggpht.com/ytc/AAUvwniIu6wyfqxIlUL0QoiuS_rU803gbJE2y_fn=s176-c-k-c0x00ffffff-no-rj", "heart": false}
{"cid": "UgzBLeZO8LtAHEGkBOZ4AaABAg", "text": "Finally some of the woman goals are actually proper bangers unlike last year", "time": "4Í∞úÏõî Ï†Ñ", "author": "Botond Szalai", "channel": "UC99Id5eZa27en6Aog5y3pMg", "votes": "34", "photo": "https://yt3.ggpht.com/ytc/AAUvwnjPE-peLXq4DeETp7RQ6oYiWL59H6XimQoYlxGsVw=s176-c-k-c0x00ffffff-no-rj", "heart": false}
{"cid": "UgzNuB0Lfiman1cl1R14AaABAg", "text": "somos potenciaq muncial pap√°", "time": "4Í∞úÏõî Ï†Ñ", "author": "TreexZelion", "channel": "UCX57okFGrAUGDv84zlnfNwQ", "votes": "1", "photo": "https://yt3.ggpht.com/ytc/AAUvwngp2C95C_J6zMoZbyWKBwYDHm4JNOGBN9zj3Q=s176-c-k-c0x00ffffff-no-rj", "heart": false}
{"cid": "Ugyufig1R2xIremFYM54AaABAg", "text": "Donde esta el golazo del grau al River de Uruguay en la sudamericana", "time": "4Í∞úÏõî Ï†Ñ", "author": "JOSE CONDORI", "channel": "UCpjnRtHd-GqvVGOa-NiKwaQ", "votes": "0", "photo": "https://yt3.ggpht.com/ytc/AAUvwniY5n1rQag-uG04ywD01PYusN8ibHy8fEazHiFC=s176-c-k-c0x00ffffff-no-rj", "heart": false}
{"cid": "UgzWB0zz2Ph0AofDeU54AaABAg", "text": "DONDE ESTA EL GOLAZO DEL HUANCAYO AL LIVERPOL EN LA SUDAMERICANA", "time": "4Í∞úÏõî Ï†Ñ", "author": "JOSE CONDORI", "channel": "UCpjnRtHd-GqvVGOa-NiKwaQ", "votes": "1", "photo": "https://yt3.ggpht.com/ytc/AAUvwniY5n1rQag-uG04ywD01PYusN8ibHy8fEazHiFC=s176-c-k-c0x00ffffff-no-rj", "heart": false}
{"cid": "Ugzmbsqr4Y8UybY6ikR4AaABAg", "text": "Donde estan los golazos de la liga peuana", "time": "4Í∞úÏõî Ï†Ñ", "author": "JOSE CONDORI", "channel": "UCpjnRtHd-GqvVGOa-NiKwaQ", "votes": "0", "photo": "https://yt3.ggpht.com/ytc/AAUvwniY5n1rQag-uG04ywD01PYusN8ibHy8fEazHiFC=s176-c-k-c0x00ffffff-no-rj", "heart": false}
{"cid": "UgzwlFE1yqazDQ9l_il4AaABAg", "text": "Diversity <<<<<< quality", "time": "4Í∞úÏõî Ï†Ñ", "author": "The Second Cuming", "channel": "UCQWqaecsFCtZ-gHflI6tXxw", "votes": "5", "photo": "https://yt3.ggpht.com/ytc/AAUvwngNcHHIfjGqf40l8NFrZzWbyxT1bEZEFLaVOvcc=s176-c-k-c0x00ffffff-no-rj", "heart": false}
{"cid": "UgwkxOg-mW_L_bzZHrV4AaABAg", "text": "This had some venom in it.", "time": "4Í∞úÏõî Ï†Ñ", "author": "Northstar Kole", "channel": "UCm97KGTPYfZL6h3p8LMibNQ", "votes": "1", "photo": "https://yt3.ggpht.com/ytc/AAUvwnil13xUM7XWHrUxRQ1Y_ef9SxfqZJADhPPIHh1SiFQ=s176-c-k-c0x00ffffff-no-rj", "heart": false}
{"cid": "UgxXy8bmVrmZOS7-emJ4AaABAg", "text": "niece goal, but not even a special goal", "time": "4Í∞úÏõî Ï†Ñ", "author": "account 1", "channel": "UCZBjsWzJRs8yDVtsm63NIAg", "votes": "8", "photo": "https://yt3.ggpht.com/ytc/AAUvwngX6qzonrNBsQvh0ePbZDK3EXg9fNZz2tBxYwNVlQ=s176-c-k-c0x00ffffff-no-rj", "heart": false}
{"cid": "Ugwbnac8qs39D0phxuN4AaABAg", "text": "Arraxxcaaaa", "time": "4Í∞úÏõî Ï†Ñ", "author": "jullyn otaku", "channel": "UCvjaPAzt3TPLG6rUPzsBnxQ", "votes": "0", "photo": "https://yt3.ggpht.com/ytc/AAUvwng78pEETu9LRsM44XOOSA7-YYyNyDZo7ct00mgAkQ=s176-c-k-c0x00ffffff-no-rj", "heart": false}
{"cid": "UgzZgSkcZuz1s7Jb16V4AaABAg", "text": "Great goal but far from being Puskas worthy", "time": "4Í∞úÏõî Ï†Ñ", "author": "Manu", "channel": "UC0J7ReZ5UnvFhpRwtAph7RQ", "votes": "604", "photo": "https://yt3.ggpht.com/ytc/AAUvwngVPmiJmFV-zPsP8Z_DWnbafe54aVKcLtSalQ=s176-c-k-c0x00ffffff-no-rj", "heart": false}
{"cid": "UgxUN_KHKVv2kw-6dRJ4AaABAg", "text": "Girls in football that long ago won the championship today", "time": "4Í∞úÏõî Ï†Ñ", "author": "Paul Kint", "channel": "UCPXAqpdbOrOTRINXmSFZTOA", "votes": "0", "photo": "https://yt3.ggpht.com/ytc/AAUvwniM-8a3Lc3KOqC243KjX1kEGptjKlpu-KWeEq9z=s176-c-k-c0x00ffffff-no-rj", "heart": false}
{"cid": "UgymMVel5ERc_HsUp3B4AaABAg", "text": "This is disrespectful to the puskas award", "time": "4Í∞úÏõî Ï†Ñ", "author": "lincoln", "channel": "UCtfgmoJemYtG5w55sGoOHMA", "votes": "5", "photo": "https://yt3.ggpht.com/ytc/AAUvwnhcYCVE_KMg6_PMQ38R1WBe45dM6FQIzNafAWTI=s176-c-k-c0x00ffffff-no-rj", "heart": false}
{"cid": "UgzRK7FeCZF_0zPTGn54AaABAg.9GUg83o18-H9GX5VaNxbnM", "text": "You see this goal in every man matches, it isn‚Äôt nothing special", "time": "4Í∞úÏõî Ï†Ñ", "author": "Giov Brutus", "channel": "UCmrmsbIGmh98D1b2A73fIOw", "votes": "2", "photo": "https://yt3.ggpht.com/ytc/AAUvwnhhI2KntktcCUItEma2kbaouPLwrt7ZDuxJ8cZU=s176-c-k-c0x00ffffff-no-rj", "heart": false}
{"cid": "UgyPbNyd3BGA7DOilUN4AaABAg.9GUhLHHVc3Z9GXJ9dZ0J89", "text": "You're joking right?", "time": "4Í∞úÏõî Ï†Ñ", "author": "Abarai Renji", "channel": "UCmMIA-2Jm0szRrg7ola-ExA", "votes": "0", "photo": "https://yt3.ggpht.com/ytc/AAUvwnjiwk5A2CIVhOC-IhJlIBdkV-cgDihjN7uHCH5i=s176-c-k-c0x00ffffff-no-rj", "heart": false}
{"cid": "UgyPbNyd3BGA7DOilUN4AaABAg.9GUhLHHVc3Z9GV4pTi2WtF", "text": "¬†@Rafael Rocchi¬† maybe", "time": "4Í∞úÏõî Ï†Ñ", "author": "Ahmed abd alsabour", "channel": "UC1bL-rjsPY8teUvzcTzyGbw", "votes": "0", "photo": "https://yt3.ggpht.com/ytc/AAUvwnh1a7Z__ipogEEwJtsWwAxIMCUHAtuQwv2sT6ygVg=s176-c-k-c0x00ffffff-no-rj", "heart": false}
{"cid": "UgyPbNyd3BGA7DOilUN4AaABAg.9GUhLHHVc3Z9GV0euAOMFL", "text": "That's disrespectful", "time": "4Í∞úÏõî Ï†Ñ", "author": "lincoln", "channel": "UCtfgmoJemYtG5w55sGoOHMA", "votes": "0", "photo": "https://yt3.ggpht.com/ytc/AAUvwnhcYCVE_KMg6_PMQ38R1WBe45dM6FQIzNafAWTI=s176-c-k-c0x00ffffff-no-rj", "heart": false}
{"cid": "UgyPbNyd3BGA7DOilUN4AaABAg.9GUhLHHVc3Z9GUueCPzvmK", "text": "Bruh what not really", "time": "4Í∞úÏõî Ï†Ñ", "author": "Rune", "channel": "UCsBfsrlNfl2sl4cniHSYaUQ", "votes": "0", "photo": "https://yt3.ggpht.com/ytc/AAUvwniRApP10MMIdQO8qCWEPdH8uVUPM57XJkxfvg=s176-c-k-c0x00ffffff-no-rj", "heart": false}
{"cid": "UgyPbNyd3BGA7DOilUN4AaABAg.9GUhLHHVc3Z9GUrXB_Ed7-", "text": "Zidanes was twice as far... on men. Not even comparable", "time": "4Í∞úÏõî Ï†Ñ", "author": "Lucas Spiro", "channel": "UCOU9iO28v3c1Y3QeVNrhC0w", "votes": "2", "photo": "https://yt3.ggpht.com/ytc/AAUvwnhs5aydi0g7chM7ip_zxN9rct87GKkG0dhaeZVC=s176-c-k-c0x00ffffff-no-rj", "heart": false}
{"cid": "UgyPbNyd3BGA7DOilUN4AaABAg.9GUhLHHVc3Z9GUl8J9KIBT", "text": "No way", "time": "4Í∞úÏõî Ï†Ñ", "author": "Rafael Rocchi", "channel": "UCWWt-Lw3sYJq2l4FXJJnIbg", "votes": "2", "photo": "https://yt3.ggpht.com/ytc/AAUvwngddN4AqwS0NIsBlY0aRSfmZEjw9rBWffjHAZCtspY=s176-c-k-c0x00ffffff-no-rj", "heart": false}
{"cid": "Ugwc_JJIw0Pkw4wlwsV4AaABAg.9GUiVhARg0R9GkHx3i9l6d", "text": "de seguro tu lo anotas siempre....", "time": "3Í∞úÏõî Ï†Ñ", "author": "Cristian Carvajal", "channel": "UC1m2BCRTV0iB0eQnLHJDWRg", "votes": "1", "photo": "https://yt3.ggpht.com/ytc/AAUvwng1RIbi84q4JzOeKAtanAoJUKtjqWvCdgoTnwqJ=s176-c-k-c0x00ffffff-no-rj", "heart": false}
{"cid": "UgzBLeZO8LtAHEGkBOZ4AaABAg.9GUiZA7dK8H9HFTlHPvoaT", "text": "I can name 50 goals scored by men this year that are much better.", "time": "3Í∞úÏõî Ï†Ñ", "author": "Electro Gem", "channel": "UCz-jf3N-Tpeu5zS7bjH1D4w", "votes": "0", "photo": "https://yt3.ggpht.com/ytc/AAUvwng7jy490dkTjKa_hUohemoM8pRJnYa8HELDf88n=s176-c-k-c0x00ffffff-no-rj", "heart": false}
{"cid": "UgzBLeZO8LtAHEGkBOZ4AaABAg.9GUiZA7dK8H9Gg1yQdkgkW", "text": "¬†@no name¬† yes these are the top goals on Sunday leaguesüòÇ", "time": "4Í∞úÏõî Ï†Ñ", "author": "CentarmaDee", "channel": "UCArbmnXQSPGdv8cuKEKSFpQ", "votes": "1", "photo": "https://yt3.ggpht.com/ytc/AAUvwnh7ylY5mQ9cIX9caZLVhAprSULFX5vs9ikyeJar=s176-c-k-c0x00ffffff-no-rj", "heart": false}
{"cid": "UgzBLeZO8LtAHEGkBOZ4AaABAg.9GUiZA7dK8H9GdzWKzRk5N", "text": "This kant a banker eather. This type of goals arr the goals that is scored by Messi and Ronaldo atlaset every week", "time": "4Í∞úÏõî Ï†Ñ", "author": "Valter Sagheim", "channel": "UCuQrE2dAEe3bDGJW7zIABOA", "votes": "3", "photo": "https://yt3.ggpht.com/ytc/AAUvwnhaNw9qONSZyzDhjO3X4LK6edmodn-F9iJmAOaINg=s176-c-k-c0x00ffffff-no-rj", "heart": false}
{"cid": "UgzBLeZO8LtAHEGkBOZ4AaABAg.9GUiZA7dK8H9GdKTyMlBvc", "text": "¬†@no name¬† the puskas award is given to the  most aesthetically pleasing or most ‚Äúbeautiful‚Äù goal of the calendar year. Context literally does not matter. That‚Äôs how players from different small leagues won it in past years", "time": "4Í∞úÏõî Ï†Ñ", "author": "Va15e", "channel": "UClfUFNHxKvD2B_fWXa3GgKA", "votes": "3", "photo": "https://yt3.ggpht.com/ytc/AAUvwnjCbZv_bbZGgZE9WNDgGxvJkQ6m72TqFIq88A=s176-c-k-c0x00ffffff-no-rj", "heart": false}
{"cid": "UgzBLeZO8LtAHEGkBOZ4AaABAg.9GUiZA7dK8H9GY1tbSm_IK", "text": "¬†@no name¬† You don't need to be phisycally gifted to score something like Suarez...", "time": "4Í∞úÏõî Ï†Ñ", "author": "You Mirin?", "channel": "UCCkTP0lxo_JJJs7j_kTa18Q", "votes": "7", "photo": "https://yt3.ggpht.com/ytc/AAUvwnjZO7J2nMonuBNi0rEa3lmt6O-Z5jtjz6EWGQ=s176-c-k-c0x00ffffff-no-rj", "heart": false}
{"cid": "UgzBLeZO8LtAHEGkBOZ4AaABAg.9GUiZA7dK8H9GVNmrpady7", "text": "There are goals like this in every third men matches...But I get it there must be a woman's goal too", "time": "4Í∞úÏõî Ï†Ñ(ÏàòÏ†ïÎê®)", "author": "You Mirin?", "channel": "UCCkTP0lxo_JJJs7j_kTa18Q", "votes": "16", "photo": "https://yt3.ggpht.com/ytc/AAUvwnjZO7J2nMonuBNi0rEa3lmt6O-Z5jtjz6EWGQ=s176-c-k-c0x00ffffff-no-rj", "heart": false}
{"cid": "UgzBLeZO8LtAHEGkBOZ4AaABAg.9GUiZA7dK8H9GV4ntduSA0", "text": "Last year they were straight cheeks", "time": "4Í∞úÏõî Ï†Ñ", "author": "ToxicPickle", "channel": "UCxzT768VyvLaNxYVTYFmokQ", "votes": "4", "photo": "https://yt3.ggpht.com/ytc/AAUvwniRCkb_4B7pE_Y7bybfK0KUHSSY4uvu4xvmpo-7=s176-c-k-c0x00ffffff-no-rj", "heart": false}
{"cid": "UgzNuB0Lfiman1cl1R14AaABAg.9GUiyXQkTv49Gag8zAa6qR", "text": "Una pregunta que es muncial", "time": "4Í∞úÏõî Ï†Ñ", "author": "ferna lamir", "channel": "UCSyKYFfKueKF_cY61KFLjlQ", "votes": "1", "photo": "https://yt3.ggpht.com/ytc/AAUvwnjJiIuJbOe34GTfkqCJgcRgOppDKR8eC1x7ZsAi=s176-c-k-c0x00ffffff-no-rj", "heart": false}
{"cid": "UgxXy8bmVrmZOS7-emJ4AaABAg.9GUnEE1Bhyj9GUtM3ouyyr", "text": "¬†@Stephan Schlager¬† I'd rather take this goal than last year's womens goals.", "time": "4Í∞úÏõî Ï†Ñ", "author": "FootballLandHD", "channel": "UCrCgx-e9KsFlD8XpENwi0-Q", "votes": "2", "photo": "https://yt3.ggpht.com/ytc/AAUvwng9LRprsHB6hbFhqwbzzuMm87IxlzdKZbxnMk0Q=s176-c-k-c0x00ffffff-no-rj", "heart": false}
{"cid": "UgxXy8bmVrmZOS7-emJ4AaABAg.9GUnEE1Bhyj9GUt7Fy0X5H", "text": "¬†@FootballLandHD¬† Yeah bro but they have to fill the quota, at least these are decent and not the silly women goals we usually get", "time": "4Í∞úÏõî Ï†Ñ(ÏàòÏ†ïÎê®)", "author": "Stephan Schlager", "channel": "UCG4yME2X1AEx-vjmhC7FP2g", "votes": "0", "photo": "https://yt3.ggpht.com/ytc/AAUvwngkCa2DxHsBCN10xuMMU2R62tw8lS6ua13YHEuV=s176-c-k-c0x00ffffff-no-rj", "heart": false}
{"cid": "UgxXy8bmVrmZOS7-emJ4AaABAg.9GUnEE1Bhyj9GUsuAPs-Me", "text": "I see those types of goals in the lower ranked leagues and they get no credit.", "time": "4Í∞úÏõî Ï†Ñ", "author": "FootballLandHD", "channel": "UCrCgx-e9KsFlD8XpENwi0-Q", "votes": "6", "photo": "https://yt3.ggpht.com/ytc/AAUvwng9LRprsHB6hbFhqwbzzuMm87IxlzdKZbxnMk0Q=s176-c-k-c0x00ffffff-no-rj", "heart": false}
{"cid": "UgxXy8bmVrmZOS7-emJ4AaABAg.9GUnEE1Bhyj9GUsV68Lzub", "text": "Where's yours?", "time": "4Í∞úÏõî Ï†Ñ", "author": "Stephan Schlager", "channel": "UCG4yME2X1AEx-vjmhC7FP2g", "votes": "0", "photo": "https://yt3.ggpht.com/ytc/AAUvwngkCa2DxHsBCN10xuMMU2R62tw8lS6ua13YHEuV=s176-c-k-c0x00ffffff-no-rj", "heart": false}
{"cid": "UgzZgSkcZuz1s7Jb16V4AaABAg.9GUwp_Ajo6I9H-ArC9gNv5", "text": "¬†@Gustavo Terzaghi¬† üòÇ", "time": "3Í∞úÏõî Ï†Ñ", "author": "Shinta Kikuchi", "channel": "UCnTXLfFvy2PR88o0AMQ3Arg", "votes": "0", "photo": "https://yt3.ggpht.com/ytc/AAUvwnh0v6fII113qEFnYh02lvWyOnt2WBD7z4B3z1JksUE=s176-c-k-c0x00ffffff-no-rj", "heart": false}
{"cid": "UgzZgSkcZuz1s7Jb16V4AaABAg.9GUwp_Ajo6I9GnlRpSITrl", "text": "¬†@Gustavo Terzaghi¬† kepa wouldnt have", "time": "3Í∞úÏõî Ï†Ñ", "author": "teo kean", "channel": "UC21T6AnZiiwplNgESxzAHfA", "votes": "4", "photo": "https://yt3.ggpht.com/ytc/AAUvwnjSZwlYShWI3Gp_W0p8bn7a9rv4_iojTWLraEAjPw=s176-c-k-c0x00ffffff-no-rj", "heart": false}
{"cid": "UgzZgSkcZuz1s7Jb16V4AaABAg.9GUwp_Ajo6I9GlwSfwVV6i", "text": "Not really, u claim a male gk would save that, but u did not say anything which was supposed to convince us, so him calling ur comment dumb is not a dumb reply", "time": "3Í∞úÏõî Ï†Ñ", "author": "Slopey", "channel": "UCOVbBIL30SjJXxTi_z4ZNYA", "votes": "2", "photo": "https://yt3.ggpht.com/ytc/AAUvwni7wkVpOd2g0xm-0o8tOvY_RCpLA3AJtNjwMBfXgg=s176-c-k-c0x00ffffff-no-rj", "heart": false}
{"cid": "UgzZgSkcZuz1s7Jb16V4AaABAg.9GUwp_Ajo6I9GlvG64aWlj", "text": "they feel the need to add a female goal", "time": "3Í∞úÏõî Ï†Ñ", "author": "TheInvincible H", "channel": "UCMuqQtMh09aezVvbuV6oNSg", "votes": "11", "photo": "https://yt3.ggpht.com/ytc/AAUvwnjr5E1cK9RHCwW3gH6yVby8LlbFiVn7sNGhfrdtRw=s176-c-k-c0x00ffffff-no-rj", "heart": false}
{"cid": "UgzZgSkcZuz1s7Jb16V4AaABAg.9GUwp_Ajo6I9GkHXvIlRUU", "text": "I see equality has now reached the Puskas Award", "time": "3Í∞úÏõî Ï†Ñ", "author": "On a Roll", "channel": "UCujltvQ8lzh_Txu57yxrKbw", "votes": "8", "photo": "https://yt3.ggpht.com/ytc/AAUvwnjMc1y4rNanQ9TaNGj9ojaWhPyqSvCe_tS0Cw=s176-c-k-c0x00ffffff-no-rj", "heart": false}
{"cid": "UgzZgSkcZuz1s7Jb16V4AaABAg.9GUwp_Ajo6I9Gb0_yMj41j", "text": "¬†@Gustavo Terzaghi¬† I wonder where you got that from :)", "time": "4Í∞úÏõî Ï†Ñ", "author": "Manu", "channel": "UC0J7ReZ5UnvFhpRwtAph7RQ", "votes": "4", "photo": "https://yt3.ggpht.com/ytc/AAUvwngVPmiJmFV-zPsP8Z_DWnbafe54aVKcLtSalQ=s176-c-k-c0x00ffffff-no-rj", "heart": false}
{"cid": "UgzZgSkcZuz1s7Jb16V4AaABAg.9GUwp_Ajo6I9Gaz8VXFmEL", "text": "¬†@Manu¬† what a dumb reply", "time": "4Í∞úÏõî Ï†Ñ", "author": "Gustavo Terzaghi", "channel": "UCARxJ4Nn50ttqIt-ezqFQYA", "votes": "40", "photo": "https://yt3.ggpht.com/ytc/AAUvwngYWG3czgHfJlcw8RxXTI1_qLiNa2Qs604CtAM=s176-c-k-c0x00ffffff-no-rj", "heart": false}
{"cid": "UgzZgSkcZuz1s7Jb16V4AaABAg.9GUwp_Ajo6I9Gax8ykMp-n", "text": "¬†@Gustavo Terzaghi¬† what a dumb comment", "time": "4Í∞úÏõî Ï†Ñ", "author": "Manu", "channel": "UC0J7ReZ5UnvFhpRwtAph7RQ", "votes": "36", "photo": "https://yt3.ggpht.com/ytc/AAUvwngVPmiJmFV-zPsP8Z_DWnbafe54aVKcLtSalQ=s176-c-k-c0x00ffffff-no-rj", "heart": false}
{"cid": "UgzZgSkcZuz1s7Jb16V4AaABAg.9GUwp_Ajo6I9Gali0SXgiC", "text": "A male pro gk would have saved that", "time": "4Í∞úÏõî Ï†Ñ", "author": "Gustavo Terzaghi", "channel": "UCARxJ4Nn50ttqIt-ezqFQYA", "votes": "12", "photo": "https://yt3.ggpht.com/ytc/AAUvwngYWG3czgHfJlcw8RxXTI1_qLiNa2Qs604CtAM=s176-c-k-c0x00ffffff-no-rj", "heart": false}
{"cid": "UgzZgSkcZuz1s7Jb16V4AaABAg.9GUwp_Ajo6I9GVPZylwhA7", "text": "I think so too", "time": "4Í∞úÏõî Ï†Ñ", "author": "Bokang Sepinare", "channel": "UCZUOzpmHSKizCvOc62cdWNg", "votes": "6", "photo": "https://yt3.ggpht.com/ytc/AAUvwnjD1NeNu68g8OJ3MpPutksMpEVvMckDI2SraA=s176-c-k-c0x00ffffff-no-rj", "heart": false}
{"cid": "UgzZgSkcZuz1s7Jb16V4AaABAg.9GUwp_Ajo6I9HDio9q7qd9", "text": "You forgot about the", "time": "3Í∞úÏõî Ï†Ñ", "author": "Magbol AL-Ghamdi", "channel": "UC7Q92IJEcK5xvudSxYtMZ7w", "votes": "0", "photo": "https://yt3.ggpht.com/ytc/AAUvwnhygLGV5J0UM3RiUVFIlDUU9HhQJsmv4pe3nBmpmQ=s176-c-k-c0x00ffffff-no-rj", "heart": false}
{"cid": "UgzZgSkcZuz1s7Jb16V4AaABAg.9GUwp_Ajo6I9H4pjGQnioP", "text": "¬†@Gustavo Terzaghi¬† incel", "time": "3Í∞úÏõî Ï†Ñ", "author": "reuben", "channel": "UCH5xlaWu21r3xYDhCLqO8Gg", "votes": "0", "photo": "https://yt3.ggpht.com/ytc/AAUvwnhvjnl7FhrNLAC_iHEMxQvHu7o5j7SncvLI3dEy=s176-c-k-c0x00ffffff-no-rj", "heart": false}
{"cid": "UgzZgSkcZuz1s7Jb16V4AaABAg.9GUwp_Ajo6I9H4JWoKFCwE", "text": "But Mo salah got it", "time": "3Í∞úÏõî Ï†Ñ", "author": "angga junior", "channel": "UCnJbKNatiAmdSOEOJ92SO8Q", "votes": "0", "photo": "https://yt3.ggpht.com/ytc/AAUvwng5nTLvQwNvf321K98RtkKokrj1ewLLm7TdyuGU=s176-c-k-c0x00ffffff-no-rj", "heart": false}
{"cid": "Ugzwn45tfAwi2Lei1D94AaABAg", "text": "Peiemero", "time": "4Í∞úÏõî Ï†Ñ", "author": "DOU EPICARDO", "channel": "UCnW7G4THXPChHpo0XBPAxiA", "votes": "2", "photo": "https://yt3.ggpht.com/ytc/AAUvwngVj_KwAX-NUP_oZ_zECXj71obWEv-ONfQXdh-o=s176-c-k-c0x00ffffff-no-rj", "heart": false}
{"cid": "Ugzetyu3u0n5wyZFkD14AaABAg", "text": "First view", "time": "4Í∞úÏõî Ï†Ñ", "author": "KRIDIX", "channel": "UCyfW6aGXsyouc0J1EcJSTfQ", "votes": "6", "photo": "https://yt3.ggpht.com/ytc/AAUvwng7QGCbbvsmiVbiG-41t82mGt-KVw_SLc-OX7XbDg=s176-c-k-c0x00ffffff-no-rj", "heart": false}
{"cid": "Ugzk7uEVAudy19D4hCN4AaABAg", "text": "1", "time": "4Í∞úÏõî Ï†Ñ", "author": "P16_ Flow", "channel": "UC-Scd8PCdA6wtQBnbEyDbRg", "votes": "0", "photo": "https://yt3.ggpht.com/ytc/AAUvwnj61pYE-9hY94xBihy-Q-wh8Jq0rdrci5EGjYBE=s176-c-k-c0x00ffffff-no-rj", "heart": false}
{"cid": "UgycbQItJQP4SlCWilB4AaABAg", "text": "First", "time": "4Í∞úÏõî Ï†Ñ", "author": "9? 99?", "channel": "UCc4NEq2kYjjlsac_boc_1sw", "votes": "0", "photo": "https://yt3.ggpht.com/ytc/AAUvwniLjPFJuENJhbWUNdr2sn94yDt-ZXzKYBwAIdOc5w=s176-c-k-c0x00ffffff-no-rj", "heart": false}
{"cid": "UgyjpD9n6lYoqG8DpYF4AaABAg", "text": "First", "time": "4Í∞úÏõî Ï†Ñ", "author": "XAVI BONILLA", "channel": "UCcl_lk-2BwikNx_InKXd_DQ", "votes": "0", "photo": "https://yt3.ggpht.com/ytc/AAUvwni1WYDa1BD-62k6ykLKTMAuisjyU6RV6tyL2Am8=s176-c-k-c0x00ffffff-no-rj", "heart": false}
{"cid": "UgzjxuE6qCMDvftQqVp4AaABAg", "text": "2 nd", "time": "4Í∞úÏõî Ï†Ñ", "author": "Ab Ff", "channel": "UCWJelO_rBhHEgdRm7bvRVJw", "votes": "0", "photo": "https://yt3.ggpht.com/ytc/AAUvwngtS8t6JuR1TYPOkX9MTBMtvG1JODRs_UqIs9ux=s176-c-k-c0x00ffffff-no-rj", "heart": false}
{"cid": "UgwVgI7_0ax5jncRlM54AaABAg", "text": "De Costa Rica üá®üá∑ para el mundo. Pura vida ü§ôüèº", "time": "4Í∞úÏõî Ï†Ñ", "author": "daniel retana mendez", "channel": "UCUpadGZpapVeGoP1RXOnn7Q", "votes": "47", "photo": "https://yt3.ggpht.com/ytc/AAUvwngW7fnt5OprXeTF5KPxNfyH7wlcCJbSh5FwKAlVAjg=s176-c-k-c0x00ffffff-no-rj", "heart": false}
{"cid": "UgzNPpGfomoMpnydIgd4AaABAg", "text": "First lol‚ù§Ô∏è", "time": "4Í∞úÏõî Ï†Ñ", "author": "Aliasgar Bharthu", "channel": "UCxDB0LlPItaWofnxM1HmBbQ", "votes": "1", "photo": "https://yt3.ggpht.com/ytc/AAUvwngliMSa2gF_2zbneLZSPpqFBejxWyObphC3OmPLLA=s176-c-k-c0x00ffffff-no-rj", "heart": false}
{"cid": "UgxYZCOUsaTrPy93UPt4AaABAg", "text": "3rd view", "time": "4Í∞úÏõî Ï†Ñ", "author": "SHIHAB AHMAD RUHAN", "channel": "UC1ISJEbrlpbX3GFp--i9cPg", "votes": "0", "photo": "https://yt3.ggpht.com/ytc/AAUvwngFnnosjBzEh446MqU073IJ1ylb6LBnpQqN2g=s176-c-k-c0x00ffffff-no-rj", "heart": false}
{"cid": "UgzZLeQ8xMnL3n09qIJ4AaABAg", "text": "Esooooo shirley üá®üá∑üá®üá∑üá®üá∑", "time": "4Í∞úÏõî Ï†Ñ", "author": "naty 2008", "channel": "UCfPoQc8wID66HTYpWMR271Q", "votes": "5", "photo": "https://yt3.ggpht.com/ytc/AAUvwngb-2uh7RA7ymICQdjIn7ITXOUfLMT9-5L2SRmDcw=s176-c-k-c0x00ffffff-no-rj", "heart": false}
{"cid": "UgwsSSuLBTTpOhOKK5h4AaABAg", "text": "Can someone tell me who that is", "time": "4Í∞úÏõî Ï†Ñ", "author": "golazo", "channel": "UCQD5Ducsl55KGL4tYRDf4zQ", "votes": "1", "photo": "https://yt3.ggpht.com/ytc/AAUvwnhTt0_Hdb3GItCXFlWUcXjB6v0vJOXGa3dw2jFkXQ=s176-c-k-c0x00ffffff-no-rj", "heart": false}
{"cid": "Ugwz5C3EROiHX7pZjBF4AaABAg", "text": "Giorgian De Arrascaeta PUSKAS", "time": "4Í∞úÏõî Ï†Ñ", "author": "Moises Almeida", "channel": "UCCzx49XynkbdUBqYd28cRGw", "votes": "1", "photo": "https://yt3.ggpht.com/ytc/AAUvwngnP2U831fZic01mZMZKQHUb8FimqyUQH_7iOxr=s176-c-k-c0x00ffffff-no-rj", "heart": false}
{"cid": "UgyeG7G7Rlc4GoQImZx4AaABAg", "text": "Brunos goal from yesterday was ten times better than this, and i dont even like him", "time": "4Í∞úÏõî Ï†Ñ", "author": "John Cianciosa", "channel": "UCeWb3g8Vlcyj5JQrk40XH2A", "votes": "5", "photo": "https://yt3.ggpht.com/ytc/AAUvwngtIsfrI6Gcia1dpeFRXRv1tPG0WGpTwGlQKf2Z=s176-c-k-c0x00ffffff-no-rj", "heart": false}
{"cid": "UgwsSSuLBTTpOhOKK5h4AaABAg.9GUe4j9OLVk9GUh9g2AyNC", "text": "Maybe it's Shirley Cruz but you never know", "time": "4Í∞úÏõî Ï†Ñ", "author": "Jessen R", "channel": "UCBaFY1oke1Rs7eDZkHtcaFA", "votes": "3", "photo": "https://yt3.ggpht.com/ytc/AAUvwnhzNQ-MG53icqycwnHxWtK-VGETiXOdYCBgBNvP1w=s176-c-k-c0x00ffffff-no-rj", "heart": false}
{"cid": "UgwsSSuLBTTpOhOKK5h4AaABAg.9GUe4j9OLVk9GUf1p1GX4l", "text": "Title : Am i a joke to you?", "time": "4Í∞úÏõî Ï†Ñ", "author": "Christiano Pulinaldo", "channel": "UCfYzk0oRL0wMlWfviZg4RTA", "votes": "11", "photo": "https://yt3.ggpht.com/ytc/AAUvwni3V_cdAkDAh4NJ1XvSAv_EjjQZnNsTVJwThM-P=s176-c-k-c0x00ffffff-no-rj", "heart": false}
{"cid": "UgyeG7G7Rlc4GoQImZx4AaABAg.9GUe6dUQWTs9GUgyZVN1ns", "text": "I‚Äôm not sure how this has been nominated for a puskas it‚Äôs not even the best woman‚Äôs goal never mind being even close to some of the ones that men have scored", "time": "4Í∞úÏõî Ï†Ñ", "author": "Rob Boam", "channel": "UCQ8wRJ6R6CS-k0L6-oWwwXw", "votes": "4", "photo": "https://yt3.ggpht.com/ytc/AAUvwnhbY0ILHZF72s5HyV1kvcInQDsg0AcVRV-ZgYU6Nw=s176-c-k-c0x00ffffff-no-rj", "heart": false}
